"id","xcoord","ycoord","personId","homeX","homeY","mode","age","sex","economic_status","accessibility","teleportedWalk_accessibility","diff","distance_m"
722,795947.408558944,5825645.83349804,"berlin_c0a26439",795913.060552208,5825739.40679177,"teleportedWalk",28,"f","very_high",-15.79,-16.2933333333333,0.5,99.68
760,796147.408558944,5825645.83349804,"berlin_e6e6242f",796176.726705773,5825673.18943792,"teleportedWalk",36,"f","medium",-16.31333333,-16.43,0.12,40.1
798,796347.408558944,5825645.83349804,"berlin_3ffa2091",796368.404031885,5825693.33797452,"teleportedWalk",21,"m","low",-16.41333333,-16.63,0.22,51.94
836,796547.408558944,5825645.83349804,"berlin_3db48551",796566.5253,5825652.66478524,"teleportedWalk",21,"f","high",-16.88666667,-16.8933333333333,0.01,20.3
609,795347.408558944,5825845.83349804,"berlin_b88455c4",795424.970293963,5825873.18149536,"teleportedWalk",54,"f","very_high",-15.07,-15.2433333333333,0.17,82.24
647,795547.408558944,5825845.83349804,"berlin_d232d0de",795568.272055933,5825855.63264595,"teleportedWalk",14,"m","high",-15.12333333,-15.1766666666667,0.05,23.05
685,795747.408558944,5825845.83349804,"berlin_c8d86550",795745.793212084,5825865.93415256,"teleportedWalk",7,"m","high",-15.07666667,-15.1833333333333,0.11,20.17
761,796147.408558944,5825845.83349804,"berlin_e57ab819",796143.845667237,5825826.49245337,"teleportedWalk",57,"f","medium",-15.5,-15.4033333333333,0.1,19.67
799,796347.408558944,5825845.83349804,"berlin_be90f674",796385.909469033,5825860.79305782,"teleportedWalk",79,"m","low",-15.59,-15.6166666666667,0.03,41.31
837,796547.408558944,5825845.83349804,"berlin_570a6f32",796514.230492703,5825901.184831,"teleportedWalk",30,"f","low",-15.57,-15.8966666666667,0.33,64.53
496,794747.408558944,5826045.83349804,"berlin_a2f63800",794767.253707241,5826043.341,"teleportedWalk",63,"f","low",-14.84666667,-14.8666666666667,0.02,20
534,794947.408558944,5826045.83349804,"berlin_eb262831",794895.845,5826065.1543533,"teleportedWalk",43,"f","medium",-14.54666667,-14.5766666666667,0.03,55.06
572,795147.408558944,5826045.83349804,"berlin_a6987633",795114.142214721,5826030.98492894,"teleportedWalk",41,"f","low",-14.46333333,-14.3566666666667,0.11,36.43
610,795347.408558944,5826045.83349804,"berlin_54ee4350",795323.713642519,5825986.42606872,"teleportedWalk",75,"m","medium",-14.53,-14.21,0.32,63.96
648,795547.408558944,5826045.83349804,"berlin_6dd7661f",795570.184603768,5825983.96197377,"teleportedWalk",33,"m","very_high",-14.45666667,-14.14,0.32,65.93
686,795747.408558944,5826045.83349804,"berlin_d904e578",795789.689270255,5826090.69809785,"teleportedWalk",36,"f","high",-13.92,-14.1433333333333,0.22,61.65
724,795947.408558944,5826045.83349804,"berlin_df35c6ef",795953.225176272,5826071.15931872,"teleportedWalk",31,"m","high",-14.09666667,-14.2233333333333,0.13,25.99
762,796147.408558944,5826045.83349804,"berlin_27e68732",796135.5603102,5826053.46807088,"teleportedWalk",54,"f","low",-14.33,-14.38,0.05,14.09
800,796347.408558944,5826045.83349804,"berlin_71d70c82",796328.1811,5826012.26709979,"teleportedWalk",50,"f","very_low",-14.75333333,-14.61,0.14,38.68
838,796547.408558944,5826045.83349804,"berlin_07389064",796514.97041502,5825979.45892611,"teleportedWalk",51,"f","low",-15.18333333,-14.9066666666667,0.28,73.88
876,796747.408558944,5826045.83349804,"berlin_b5216434",796695.561128491,5826046.36314635,"teleportedWalk",33,"f","very_high",-15.16666667,-15.27,0.1,51.85
497,794747.408558944,5826245.83349804,"berlin_b1bdfa12",794755.0544,5826166.48640556,"teleportedWalk",80,"m","low",-14.25666667,-13.88,0.38,79.71
535,794947.408558944,5826245.83349804,"berlin_24bc6905",794966.594889019,5826269.69616607,"teleportedWalk",71,"m","high",-13.42333333,-13.57,0.15,30.62
573,795147.408558944,5826245.83349804,"berlin_3a978067",795141.408032738,5826225.57624357,"teleportedWalk",36,"f","medium",-13.44333333,-13.3333333333333,0.11,21.13
649,795547.408558944,5826245.83349804,"berlin_7693c3b9",795501.244730742,5826192.72486456,"teleportedWalk",99,"m","low",-13.38666667,-13.1,0.29,70.37
687,795747.408558944,5826245.83349804,"berlin_9ba586b4",795737.406343826,5826260.71391415,"teleportedWalk",25,"f","high",-13.02666667,-13.1033333333333,0.08,17.93
725,795947.408558944,5826245.83349804,"berlin_2df81c61",795949.4731,5826160.42842748,"teleportedWalk",50,"f","low",-13.63333333,-13.1933333333333,0.44,85.43
763,796147.408558944,5826245.83349804,"berlin_3b8588aa",796135.90280004,5826218.11679357,"teleportedWalk",24,"f","high",-13.49,-13.36,0.13,30.01
801,796347.408558944,5826245.83349804,"berlin_7d352a41",796343.58862295,5826248.89093986,"teleportedWalk",19,"m","high",-13.58666667,-13.6066666666667,0.02,4.89
839,796547.408558944,5826245.83349804,"berlin_29d18e18",796497.695904405,5826215.59,"teleportedWalk",57,"f","low",-13.98666667,-13.9266666666667,0.06,58.19
915,796947.408558944,5826245.83349804,"berlin_a1b014f5",796945.17205018,5826237.69868727,"teleportedWalk",68,"m","high",-14.79666667,-14.7633333333333,0.03,8.44
574,795147.408558944,5826445.83349804,"berlin_13bd003c",795155.11771275,5826378.3002872,"teleportedWalk",19,"m","very_low",-12.65,-12.3133333333333,0.34,67.97
764,796147.408558944,5826445.83349804,"berlin_561c7682",796208.759150251,5826473.44817549,"teleportedWalk",41,"f","medium",-12.27666667,-12.3433333333333,0.07,67.28
916,796947.408558944,5826445.83349804,"berlin_0729aa32",796972.446287048,5826422.79264942,"teleportedWalk",50,"f","medium",-14.02,-13.85,0.17,34.03
1334,799147.408558944,5826445.83349804,"berlin_2ffa9b1e",799145.754894176,5826530.574,"teleportedWalk",45,"f","medium",-21.63666667,-21.8833333333333,0.25,84.76
1372,799347.408558944,5826445.83349804,"berlin_b748f80c",799327.901828971,5826457.231,"teleportedWalk",62,"f","medium",-22.64,-22.7566666666667,0.12,22.59
1410,799547.408558944,5826445.83349804,"berlin_d6a9c8d1",799554.245690971,5826466.4388423,"teleportedWalk",64,"f","very_low",-23.62333333,-23.6466666666667,0.02,21.71
1448,799747.408558944,5826445.83349804,"berlin_c234e098",799723.064117375,5826490.98195133,"teleportedWalk",23,"m","very_low",-24.32333333,-24.5466666666667,0.22,51.29
1486,799947.408558944,5826445.83349804,"berlin_0569bb8f",799954.611182839,5826543.95443611,"teleportedWalk",29,"f","high",-25.25333333,-25.46,0.21,98.38
1524,800147.408558944,5826445.83349804,"berlin_d2f81cd0",800129.237581134,5826475.29806331,"teleportedWalk",37,"f","medium",-26.22666667,-26.38,0.15,34.62
651,795547.408558944,5826645.83349804,"berlin_2400c5f5",795604.703657386,5826582.82244145,"teleportedWalk",46,"f","medium",-11.34,-11.02,0.32,85.17
879,796747.408558944,5826645.83349804,"berlin_cef84800",796697.534093571,5826583.92164203,"teleportedWalk",65,"m","medium",-12.61,-12.44,0.17,79.5
955,797147.408558944,5826645.83349804,"berlin_2dcdd838",797143.045421021,5826640.95229761,"teleportedWalk",36,"m","medium",-13.54,-13.5333333333333,0.01,6.55
1069,797747.408558944,5826645.83349804,"berlin_db93afe2",797778.99288228,5826622.672,"teleportedWalk",81,"m","high",-15.75666667,-15.5533333333333,0.2,39.17
1107,797947.408558944,5826645.83349804,"berlin_a5f9f206",798014.236483219,5826605.79354684,"teleportedWalk",91,"m","low",-16.70333333,-16.3066666666667,0.4,77.9
1259,798747.408558944,5826645.83349804,"berlin_79bbdf55",798799.701171014,5826704.14923964,"teleportedWalk",26,"f","high",-19.63333333,-19.5766666666667,0.06,78.33
1297,798947.408558944,5826645.83349804,"berlin_793ecc7d",798940.03200974,5826678.07645771,"teleportedWalk",24,"f","medium",-20.32333333,-20.4433333333333,0.12,33.08
1335,799147.408558944,5826645.83349804,"berlin_843de030",799205.813568512,5826684.454,"teleportedWalk",19,"m","very_low",-21.48666667,-21.3266666666667,0.16,70.02
1373,799347.408558944,5826645.83349804,"berlin_d8726c19",799374.240327796,5826646.91132158,"teleportedWalk",65,"m","low",-22.34333333,-22.2266666666667,0.12,26.85
1411,799547.408558944,5826645.83349804,"berlin_81dedb7d",799594.416230717,5826628.526,"teleportedWalk",38,"f","high",-23.39333333,-23.1333333333333,0.26,50.09
1449,799747.408558944,5826645.83349804,"berlin_bab2b9f4",799771.769853325,5826628.14757739,"teleportedWalk",43,"f","high",-24.21,-24.0533333333333,0.16,30.1
1487,799947.408558944,5826645.83349804,"berlin_959b5ed2",799951.038894607,5826610.693,"teleportedWalk",28,"m","low",-25.08,-24.9833333333333,0.1,35.33
1525,800147.408558944,5826645.83349804,"berlin_a475b05a",800115.989129907,5826609.09970204,"teleportedWalk",64,"f","low",-25.85333333,-25.92,0.07,48.34
1563,800347.408558944,5826645.83349804,"berlin_71c348c4",800353.943491198,5826650.5231061,"teleportedWalk",64,"f","high",-26.88666667,-26.8666666666667,0.02,8.04
348,793947.408558944,5826845.83349804,"berlin_b5de42b3",793945.7084,5826897.997,"teleportedWalk",2,"m","high",-13.08333333,-13.28,0.2,52.19
880,796747.408558944,5826845.83349804,"berlin_90f4aa18",796814.963030835,5826864.5937717,"teleportedWalk",60,"m","medium",-11.62666667,-11.53,0.1,70.11
918,796947.408558944,5826845.83349804,"berlin_b3e946b2",796920.353585801,5826803.13811179,"teleportedWalk",95,"m","medium",-12.19,-12.0833333333333,0.11,50.55
1032,797547.408558944,5826845.83349804,"berlin_42d596e9",797503.518143428,5826843.07504888,"teleportedWalk",36,"m","very_high",-13.93333333,-14.0833333333333,0.15,43.98
1070,797747.408558944,5826845.83349804,"berlin_10c00d2c",797740.3458,5826931.57184297,"teleportedWalk",41,"f","medium",-14.51333333,-14.8366666666667,0.32,86.03
1108,797947.408558944,5826845.83349804,"berlin_d4bb1a55",797921.864406426,5826803.30795577,"teleportedWalk",8,"m","very_high",-15.66333333,-15.6233333333333,0.04,49.61
1146,798147.408558944,5826845.83349804,"berlin_d20ff660",798137.32439566,5826883.5458683,"teleportedWalk",24,"f","very_low",-16.27666667,-16.4366666666667,0.16,39.04
1184,798347.408558944,5826845.83349804,"berlin_bb8bd124",798341.080659045,5826878.7190147,"teleportedWalk",58,"f","high",-17.15,-17.2733333333333,0.12,33.49
1222,798547.408558944,5826845.83349804,"berlin_6bab8f70",798609.2443,5826807.67418105,"teleportedWalk",62,"f","high",-18.51,-18.1333333333333,0.38,72.66
1260,798747.408558944,5826845.83349804,"berlin_2bc6d061",798726.407431974,5826808.18657786,"teleportedWalk",60,"f","low",-19.02,-19.01,0.01,43.11
1298,798947.408558944,5826845.83349804,"berlin_17e1c61f",798912.402298019,5826888.26976312,"teleportedWalk",45,"f","medium",-19.63666667,-19.9033333333333,0.27,55.01
1336,799147.408558944,5826845.83349804,"berlin_4d5a6099",799172.856045793,5826823.58276934,"teleportedWalk",78,"m","medium",-20.98,-20.81,0.17,33.8
1374,799347.408558944,5826845.83349804,"berlin_dd926fc1",799336.183992033,5826802.6304457,"teleportedWalk",44,"f","low",-21.78,-21.73,0.05,44.64
1412,799547.408558944,5826845.83349804,"berlin_ff18674b",799557.004572024,5826913.92081853,"teleportedWalk",52,"m","medium",-22.55,-22.6566666666667,0.11,68.76
1450,799747.408558944,5826845.83349804,"berlin_23e98cce",799731.455000859,5826807.83569807,"teleportedWalk",39,"m","medium",-23.60666667,-23.5966666666667,0.01,41.21
1488,799947.408558944,5826845.83349804,"berlin_de17859b",799977.340286517,5826868.46223577,"teleportedWalk",74,"m","very_high",-24.63666667,-24.5433333333333,0.09,37.52
1526,800147.408558944,5826845.83349804,"berlin_9d8ee159",800162.786671671,5826816.41736542,"teleportedWalk",25,"m","very_high",-25.63,-25.4966666666667,0.13,33.19
1564,800347.408558944,5826845.83349804,"berlin_f9aeea36",800342.515748582,5826909.40862819,"teleportedWalk",54,"f","very_high",-26.31,-26.4566666666667,0.15,63.76
387,794147.408558944,5827045.83349804,"berlin_cd1acf6d",794149.420663058,5827124.40505945,"teleportedWalk",27,"f","very_high",-11.5,-11.8133333333333,0.31,78.6
957,797147.408558944,5827045.83349804,"berlin_1166e7cf",797182.992470577,5827031.21808923,"teleportedWalk",34,"f","medium",-12.08,-11.9,0.18,38.47
995,797347.408558944,5827045.83349804,"berlin_4e44a0c6",797309.393010189,5827008.72638155,"teleportedWalk",48,"m","very_low",-12.61333333,-12.6133333333333,0,53.12
1071,797747.408558944,5827045.83349804,"berlin_394468d9",797710.137310098,5827087.49,"teleportedWalk",24,"f","medium",-13.87,-14.1566666666667,0.29,55.9
1185,798347.408558944,5827045.83349804,"berlin_d2079d81",798357.336788377,5827015.951,"teleportedWalk",8,"m","very_low",-16.82333333,-16.6966666666667,0.13,31.49
1223,798547.408558944,5827045.83349804,"berlin_faac9843",798458.299598243,5827082.01816881,"teleportedWalk",39,"f","high",-17.08666667,-17.5833333333333,0.5,96.18
1261,798747.408558944,5827045.83349804,"berlin_c5873030",798774.637748272,5827014.44579724,"teleportedWalk",58,"m","very_high",-18.69,-18.4866666666667,0.2,41.55
1299,798947.408558944,5827045.83349804,"berlin_18d5c159",798977.332997181,5827015.13530867,"teleportedWalk",64,"f","low",-19.61333333,-19.4033333333333,0.21,42.87
1337,799147.408558944,5827045.83349804,"berlin_f891f6b1",799186.210723095,5827051.083,"teleportedWalk",83,"m","medium",-20.50333333,-20.3333333333333,0.17,39.16
1375,799347.408558944,5827045.83349804,"berlin_735d0d98",799353.061637217,5827057.52410794,"teleportedWalk",27,"f","very_low",-21.27333333,-21.27,0,12.99
1413,799547.408558944,5827045.83349804,"berlin_ea51ec1e",799517.055698787,5827005.44008452,"teleportedWalk",24,"f","very_low",-22.16,-22.22,0.06,50.53
1451,799747.408558944,5827045.83349804,"berlin_f0cf096f",799685.67451486,5827063.71634394,"teleportedWalk",43,"f","very_low",-22.84333333,-23.1766666666667,0.33,64.27
388,794147.408558944,5827245.83349804,"berlin_3a6dc147",794113.880704552,5827211.00350583,"teleportedWalk",90,"m","high",-11.3,-11.05,0.25,48.35
464,794547.408558944,5827245.83349804,"berlin_9cb3bbcf",794493.217497983,5827297.73561625,"teleportedWalk",58,"f","very_high",-9.66,-9.70666666666667,0.05,75.04
958,797147.408558944,5827245.83349804,"berlin_4ec71117",797161.867627201,5827262.66056267,"teleportedWalk",64,"f","high",-11.13333333,-11.1433333333333,0.01,22.19
1072,797747.408558944,5827245.83349804,"berlin_764d11ea",797828.916167371,5827220.71012292,"teleportedWalk",64,"f","medium",-13.94666667,-13.5266666666667,0.42,85.29
1110,797947.408558944,5827245.83349804,"berlin_0404cd17",797865.802345445,5827205.95565686,"teleportedWalk",56,"f","low",-14.15,-14.3833333333333,0.23,90.83
1148,798147.408558944,5827245.83349804,"berlin_f3643540",798122.759928663,5827226.22378704,"teleportedWalk",28,"f","medium",-15.20666667,-15.2633333333333,0.06,31.5
1186,798347.408558944,5827245.83349804,"berlin_d592ae4b",798394.363810428,5827278.9,"teleportedWalk",2,"m","very_low",-16.29333333,-16.1633333333333,0.13,57.43
1224,798547.408558944,5827245.83349804,"berlin_5f28ad57",798495.493651988,5827195.0713425,"teleportedWalk",64,"f","medium",-16.96333333,-17.0766666666667,0.11,72.61
1262,798747.408558944,5827245.83349804,"berlin_90451b7b",798746.903455281,5827255.6565936,"teleportedWalk",35,"f","high",-17.98333333,-18.0066666666667,0.02,9.84
1300,798947.408558944,5827245.83349804,"berlin_a23f2c1a",799035.4931,5827250.96927876,"teleportedWalk",76,"m","very_high",-19.35333333,-18.9466666666667,0.41,88.23
1338,799147.408558944,5827245.83349804,"berlin_5b35baad",799140.995110337,5827241.72166269,"teleportedWalk",21,"f","medium",-19.87666667,-19.8966666666667,0.02,7.62
1376,799347.408558944,5827245.83349804,"berlin_d8e8486b",799397.971748022,5827183.09357882,"teleportedWalk",38,"m","medium",-21.22333333,-20.8566666666667,0.37,80.58
1414,799547.408558944,5827245.83349804,"berlin_3db1aa7a",799614.823653058,5827308.9799935,"teleportedWalk",49,"f","high",-22.03333333,-21.8233333333333,0.21,92.37
1452,799747.408558944,5827245.83349804,"berlin_1580f00f",799762.467493519,5827170.82,"teleportedWalk",47,"m","medium",-23.00666667,-22.7933333333333,0.21,76.51
1490,799947.408558944,5827245.83349804,"berlin_ecaafe21",799896.811502662,5827241.79899822,"teleportedWalk",7,"m","medium",-23.53333333,-23.7733333333333,0.24,50.76
427,794347.408558944,5827445.83349804,"berlin_401d236f",794313.901173346,5827452.18049294,"teleportedWalk",21,"f","medium",-9.676666667,-9.57666666666667,0.1,34.1
465,794547.408558944,5827445.83349804,"berlin_fc20c0ee",794568.4941,5827437.44063579,"teleportedWalk",94,"m","medium",-8.846666667,-8.88333333333333,0.04,22.69
503,794747.408558944,5827445.83349804,"berlin_ebd000a5",794713.734802376,5827474.11165457,"teleportedWalk",49,"f","medium",-8.24,-8.26,0.02,43.97
1073,797747.408558944,5827445.83349804,"berlin_6174d7e2",797775.050875264,5827436.31807849,"teleportedWalk",10,"m","very_low",-13.09666667,-12.9466666666667,0.15,29.23
1111,797947.408558944,5827445.83349804,"berlin_2c180260",797942.290945085,5827440.71322894,"teleportedWalk",19,"m","high",-13.83,-13.84,0.01,7.24
1301,798947.408558944,5827445.83349804,"berlin_f7d67a9d",798957.360743972,5827368.5848917,"teleportedWalk",40,"f","very_high",-18.73666667,-18.5366666666667,0.2,77.89
1339,799147.408558944,5827445.83349804,"berlin_6933cc8f",799095.841605987,5827367.48950207,"teleportedWalk",68,"m","medium",-19.40666667,-19.5066666666667,0.1,93.79
1491,799947.408558944,5827445.83349804,"berlin_f0d5d7e5",799978.551,5827496.49484312,"teleportedWalk",83,"m","very_low",-23.52666667,-23.45,0.08,59.47
1529,800147.408558944,5827445.83349804,"berlin_6599a114",800146.14397636,5827459.33557897,"teleportedWalk",52,"f","medium",-24.42,-24.4433333333333,0.02,13.56
314,793747.408558944,5827645.83349804,"berlin_4e51414e",793759.049123734,5827695.08966485,"teleportedWalk",5,"m","low",-11.22333333,-11.4033333333333,0.18,50.61
352,793947.408558944,5827645.83349804,"berlin_16fe9c71",793992.559134269,5827612.73680776,"teleportedWalk",29,"m","very_low",-10.42666667,-10.5233333333333,0.1,55.98
390,794147.408558944,5827645.83349804,"berlin_d9b7fdfd",794125.2793,5827654.8929588,"teleportedWalk",18,"m","low",-9.736666667,-9.67333333333333,0.06,23.91
466,794547.408558944,5827645.83349804,"berlin_826f1d4d",794590.728956587,5827638.2512643,"teleportedWalk",60,"f","medium",-7.98,-8.10666666666667,0.13,43.98
504,794747.408558944,5827645.83349804,"berlin_bbf51147",794763.275194565,5827634.59231166,"teleportedWalk",49,"f","high",-7.413333333,-7.42,0.01,19.45
656,795547.408558944,5827645.83349804,"berlin_a9c33945",795516.919949985,5827625.74687448,"teleportedWalk",9,"m","very_high",-5.946666667,-5.83,0.12,36.51
694,795747.408558944,5827645.83349804,"berlin_9bd44316",795762.381421575,5827656.98031646,"teleportedWalk",27,"m","medium",-5.793333333,-5.84,0.05,18.67
1302,798947.408558944,5827645.83349804,"berlin_442ec4f5",798950.221983131,5827660.70917633,"teleportedWalk",65,"m","very_low",-18.17,-18.18,0.01,15.14
1378,799347.408558944,5827645.83349804,"berlin_bc9f7e16",799361.549698087,5827640.63874065,"teleportedWalk",35,"m","high",-20.24,-20.16,0.08,15.07
1454,799747.408558944,5827645.83349804,"berlin_e57c5555",799773.957026967,5827671.15073477,"teleportedWalk",27,"f","high",-22.26,-22.16,0.1,36.68
1492,799947.408558944,5827645.83349804,"berlin_21842177",799922.832325091,5827642.24530391,"teleportedWalk",45,"f","medium",-23.04666667,-23.1666666666667,0.12,24.84
1530,800147.408558944,5827645.83349804,"berlin_3a4b354f",800192.0075,5827558.39826647,"teleportedWalk",46,"f","high",-24.51,-24.1733333333333,0.34,98.15
315,793747.408558944,5827845.83349804,"berlin_41206257",793798.296167638,5827922.18488325,"teleportedWalk",32,"f","very_high",-10.50333333,-10.91,0.41,91.76
353,793947.408558944,5827845.83349804,"berlin_87d651bf",793887.259932832,5827822.202,"teleportedWalk",34,"f","very_high",-10.32,-9.98666666666667,0.33,64.62
391,794147.408558944,5827845.83349804,"berlin_776def71",794174.986138591,5827820.47888451,"teleportedWalk",93,"m","medium",-9.036666667,-9.08666666666667,0.05,37.46
429,794347.408558944,5827845.83349804,"berlin_c0d340df",794282.320382187,5827883.55006001,"teleportedWalk",61,"f","low",-8.39,-8.22,0.17,75.23
467,794547.408558944,5827845.83349804,"berlin_a34a578b",794536.773446655,5827776.00499615,"teleportedWalk",62,"m","high",-7.676666667,-7.39666666666667,0.28,70.63
505,794747.408558944,5827845.83349804,"berlin_183793a5",794712.278419916,5827817.10706323,"teleportedWalk",63,"f","medium",-6.87,-6.63666666666667,0.23,45.38
543,794947.408558944,5827845.83349804,"berlin_c50fead9",794973.4361,5827860.15492596,"teleportedWalk",94,"m","high",-5.82,-5.96,0.14,29.71
581,795147.408558944,5827845.83349804,"berlin_f2317845",795129.982319179,5827938.2154878,"teleportedWalk",67,"m","very_high",-5.03,-5.40333333333333,0.37,94.01
619,795347.408558944,5827845.83349804,"berlin_392e4ae2",795352.333528926,5827822.03802409,"teleportedWalk",64,"f","medium",-5.11,-5,0.11,24.3
657,795547.408558944,5827845.83349804,"berlin_bec7a13a",795574.403267897,5827844.7035362,"teleportedWalk",46,"f","medium",-4.786666667,-4.79333333333333,0.01,27.02
695,795747.408558944,5827845.83349804,"berlin_b09e98d3",795708.956884429,5827852.71327257,"teleportedWalk",6,"m","low",-4.75,-4.80666666666667,0.06,39.06
1303,798947.408558944,5827845.83349804,"berlin_021f2754",799010.543831629,5827839.492,"teleportedWalk",38,"f","medium",-18.2,-17.8733333333333,0.33,63.45
1417,799547.408558944,5827845.83349804,"berlin_98750f52",799607.392225238,5827826.5061206,"teleportedWalk",12,"m","low",-21.22333333,-20.8966666666667,0.33,63.02
1455,799747.408558944,5827845.83349804,"berlin_4555d7ce",799806.212167446,5827836.11491572,"teleportedWalk",59,"f","medium",-22.22,-21.91,0.31,59.6
1493,799947.408558944,5827845.83349804,"berlin_49dbbede",799941.202880426,5827846.662,"teleportedWalk",17,"m","medium",-22.89333333,-22.9266666666667,0.03,6.26
1531,800147.408558944,5827845.83349804,"berlin_0a68f03f",800200.645746887,5827796.918,"teleportedWalk",24,"m","high",-24.26666667,-23.9466666666667,0.32,72.3
316,793747.408558944,5828045.83349804,"berlin_80b0bd67",793734.2643,5828028.393923,"teleportedWalk",3,"m","very_low",-10.59333333,-10.4966666666667,0.1,21.84
354,793947.408558944,5828045.83349804,"berlin_e9060ff9",793960.901365766,5828118.1712001,"teleportedWalk",45,"m","very_high",-9.326666667,-9.53333333333333,0.21,73.59
392,794147.408558944,5828045.83349804,"berlin_d9b62fd3",794184.608582347,5828075.237,"teleportedWalk",3,"m","medium",-8.346666667,-8.58666666666667,0.24,47.42
430,794347.408558944,5828045.83349804,"berlin_11b9189f",794323.190774733,5828000.90290563,"teleportedWalk",52,"f","high",-7.886666667,-7.66333333333333,0.22,51.04
468,794547.408558944,5828045.83349804,"berlin_a5ff1425",794503.686017562,5828114.44530422,"teleportedWalk",82,"m","medium",-6.78,-6.77333333333333,0.01,81.36
506,794747.408558944,5828045.83349804,"berlin_e5678425",794693.63720225,5827985.22366664,"teleportedWalk",18,"f","very_high",-6.35,-5.93333333333333,0.42,81.02
544,794947.408558944,5828045.83349804,"berlin_5f276389",794990.9403302,5828002.50879869,"teleportedWalk",88,"m","high",-5.183333333,-5.16666666666667,0.02,61.42
582,795147.408558944,5828045.83349804,"berlin_eccc8ef4",795096.3813,5828030.33962081,"teleportedWalk",62,"f","low",-4.73,-4.51,0.22,53.33
620,795347.408558944,5828045.83349804,"berlin_ef0d5291",795361.280019391,5828023.571,"teleportedWalk",19,"f","very_low",-4.1,-4.02,0.08,26.23
658,795547.408558944,5828045.83349804,"berlin_bfbcde80",795568.415085969,5828062.13708784,"teleportedWalk",32,"m","medium",-3.663333333,-3.76,0.1,26.59
696,795747.408558944,5828045.83349804,"berlin_4a01c1f9",795737.128700026,5828049.41097262,"teleportedWalk",53,"f","very_high",-3.75,-3.77666666666667,0.03,10.88
924,796947.408558944,5828045.83349804,"berlin_79620f23",796988.215663133,5828125.115,"teleportedWalk",35,"m","low",-7.78,-7.78,0,89.17
962,797147.408558944,5828045.83349804,"berlin_013399c8",797144.53908397,5828084.88950526,"teleportedWalk",81,"m","medium",-8.606666667,-8.70666666666667,0.1,39.16
1000,797347.408558944,5828045.83349804,"berlin_4dd967cb",797408.550498156,5828072.201,"teleportedWalk",44,"m","medium",-9.9,-9.65666666666667,0.24,66.59
1076,797747.408558944,5828045.83349804,"berlin_45ae065f",797799.4881,5828083.7598647,"teleportedWalk",18,"f","high",-11.79666667,-11.6,0.2,64.43
1114,797947.408558944,5828045.83349804,"berlin_cb7c4165",797895.100618273,5828063.36378064,"teleportedWalk",51,"m","very_high",-12.30333333,-12.59,0.29,55.17
1266,798747.408558944,5828045.83349804,"berlin_540019ab",798797.121213446,5828072.00725504,"teleportedWalk",24,"f","low",-16.83333333,-16.61,0.22,56.18
1456,799747.408558944,5828045.83349804,"berlin_8de44a24",799734.864047607,5828063.21712452,"teleportedWalk",40,"f","low",-21.63,-21.7066666666667,0.08,21.44
1494,799947.408558944,5828045.83349804,"berlin_ccc197ec",799910.824812845,5828060.75638474,"teleportedWalk",7,"m","high",-22.53333333,-22.7333333333333,0.2,39.51
1532,800147.408558944,5828045.83349804,"berlin_143d0ddc",800145.376741182,5827986.31922188,"teleportedWalk",31,"f","medium",-23.8,-23.76,0.04,59.55
127,792747.408558944,5828245.83349804,"berlin_7dc4a2ac",792754.299164797,5828310.67217981,"teleportedWalk",48,"m","very_high",-15.16,-15.25,0.09,65.2
165,792947.408558944,5828245.83349804,"berlin_6d38fa6b",792919.079774521,5828304.46930408,"teleportedWalk",52,"f","high",-14.32,-14.23,0.09,65.12
203,793147.408558944,5828245.83349804,"berlin_34a17e53",793132.679318818,5828308.7932908,"teleportedWalk",3,"m","high",-13.22333333,-13.21,0.01,64.66
241,793347.408558944,5828245.83349804,"berlin_408e841c",793358.688123694,5828258.95140798,"teleportedWalk",59,"m","very_high",-12.12,-12.1933333333333,0.07,17.3
279,793547.408558944,5828245.83349804,"berlin_1332ead5",793514.68381286,5828261.63799195,"teleportedWalk",7,"m","very_low",-11.32666667,-11.18,0.15,36.34
317,793747.408558944,5828245.83349804,"berlin_8f9c214c",793718.570874839,5828219.46340425,"teleportedWalk",36,"m","very_low",-10.35666667,-10.1733333333333,0.18,39.08
355,793947.408558944,5828245.83349804,"berlin_d7f1dfb5",793930.362874119,5828272.00707717,"teleportedWalk",3,"m","medium",-9.223333333,-9.17666666666667,0.05,31.23
393,794147.408558944,5828245.83349804,"berlin_befda426",794192.358398471,5828268.10092969,"teleportedWalk",4,"m","medium",-7.93,-8.18666666666667,0.26,50.16
431,794347.408558944,5828245.83349804,"berlin_3e85013b",794367.563052625,5828263.0275723,"teleportedWalk",5,"m","low",-7.083333333,-7.21333333333333,0.13,26.49
469,794547.408558944,5828245.83349804,"berlin_a5654243",794604.047472999,5828248.52811661,"teleportedWalk",33,"f","medium",-5.99,-6.26,0.27,56.7
507,794747.408558944,5828245.83349804,"berlin_959c31c2",794797.177851848,5828323.87305027,"teleportedWalk",39,"f","very_high",-4.916666667,-5.34,0.42,92.56
545,794947.408558944,5828245.83349804,"berlin_27430591",794974.555297068,5828266.95361004,"teleportedWalk",31,"f","very_low",-4.293333333,-4.47333333333333,0.18,34.39
583,795147.408558944,5828245.83349804,"berlin_9a564aea",795227.104883992,5828207.94259207,"teleportedWalk",98,"m","very_high",-3.583333333,-3.69666666666667,0.11,88.25
621,795347.408558944,5828245.83349804,"berlin_36071c5c",795315.089420018,5828260.48308818,"teleportedWalk",22,"f","low",-3.096666667,-3.07666666666667,0.02,35.48
659,795547.408558944,5828245.83349804,"berlin_097d56f9",795583.12916171,5828244.71617441,"teleportedWalk",3,"m","medium",-2.71,-2.73,0.02,35.74
697,795747.408558944,5828245.83349804,"berlin_0547a1f1",795709.675532074,5828261.1890144,"teleportedWalk",37,"f","very_low",-2.64,-2.75333333333333,0.11,40.74
963,797147.408558944,5828245.83349804,"berlin_70414c70",797093.676431424,5828213.23205361,"teleportedWalk",51,"m","high",-8.106666667,-8.31333333333333,0.21,62.85
1001,797347.408558944,5828245.83349804,"berlin_79ed2174",797346.58946659,5828245.73089737,"teleportedWalk",4,"m","very_high",-9.3,-9.30333333333333,0,0.83
1039,797547.408558944,5828245.83349804,"berlin_94cf6db6",797586.561116165,5828247.68183557,"teleportedWalk",52,"m","high",-10.49666667,-10.3033333333333,0.19,39.2
1077,797747.408558944,5828245.83349804,"berlin_9b17800c",797748.6824,5828304.45370752,"teleportedWalk",34,"f","medium",-11.24666667,-11.31,0.06,58.63
1305,798947.408558944,5828245.83349804,"berlin_c3215c70",798967.956259375,5828273.84135088,"teleportedWalk",53,"f","very_low",-17.51666667,-17.4333333333333,0.08,34.74
1495,799947.408558944,5828245.83349804,"berlin_99588211",799908.886675403,5828208.86939275,"teleportedWalk",9,"m","low",-22.41,-22.5866666666667,0.18,53.39
1533,800147.408558944,5828245.83349804,"berlin_3cd48892",800060.556931623,5828275.1469136,"teleportedWalk",55,"f","high",-23.15333333,-23.62,0.47,91.67
1571,800347.408558944,5828245.83349804,"berlin_f4d21515",800316.293029691,5828298.20863312,"teleportedWalk",44,"f","very_high",-24.46333333,-24.6533333333333,0.19,60.92
166,792947.408558944,5828445.83349804,"berlin_b110d8f7",792922.428641973,5828373.22597181,"teleportedWalk",33,"m","high",-14.24666667,-14.07,0.18,76.78
204,793147.408558944,5828445.83349804,"berlin_786c05ad",793150.486321689,5828542.09528552,"teleportedWalk",63,"m","high",-12.96666667,-13.0366666666667,0.07,96.31
242,793347.408558944,5828445.83349804,"berlin_4641bad0",793347.973820462,5828466.796,"teleportedWalk",49,"f","low",-11.99,-12.0066666666667,0.02,20.97
280,793547.408558944,5828445.83349804,"berlin_9e933bb1",793529.451588398,5828474.52982001,"teleportedWalk",33,"m","high",-11.04666667,-10.9766666666667,0.07,33.85
318,793747.408558944,5828445.83349804,"berlin_bbd5499f",793767.927592805,5828438.40229232,"teleportedWalk",7,"m","low",-9.85,-9.95,0.1,21.82
356,793947.408558944,5828445.83349804,"berlin_d0c3407d",793936.524432262,5828420.77631744,"teleportedWalk",68,"m","medium",-9.006666667,-8.92666666666667,0.08,27.32
394,794147.408558944,5828445.83349804,"berlin_3396b86a",794142.2903,5828431.6287459,"teleportedWalk",40,"m","medium",-7.95,-7.90666666666667,0.04,15.1
432,794347.408558944,5828445.83349804,"berlin_b971773c",794425.633925498,5828393.56554431,"teleportedWalk",51,"f","low",-6.573333333,-6.89333333333333,0.32,94.08
470,794547.408558944,5828445.83349804,"berlin_28554d0a",794522.160353516,5828482.1920834,"teleportedWalk",44,"f","medium",-5.966666667,-5.89,0.08,44.27
508,794747.408558944,5828445.83349804,"berlin_4b107087",794766.595634381,5828474.7335889,"teleportedWalk",71,"m","low",-4.756666667,-4.9,0.14,34.69
546,794947.408558944,5828445.83349804,"berlin_af614938",794936.271561365,5828445.62674941,"teleportedWalk",29,"f","medium",-3.99,-3.93666666666667,0.05,11.14
584,795147.408558944,5828445.83349804,"berlin_819172f9",795103.657940543,5828467.131,"teleportedWalk",42,"f","medium",-3.16,-3.02333333333333,0.14,48.66
622,795347.408558944,5828445.83349804,"berlin_7b6729e0",795366.245076766,5828461.34568178,"teleportedWalk",53,"m","very_low",-2.1,-2.22666666666667,0.13,24.4
660,795547.408558944,5828445.83349804,"berlin_2130c3f5",795548.767566536,5828440.07884397,"teleportedWalk",49,"f","very_high",-1.74,-1.71333333333333,0.03,5.91
698,795747.408558944,5828445.83349804,"berlin_23404819",795717.019193226,5828416.14601757,"teleportedWalk",64,"m","medium",-1.856666667,-1.75333333333333,0.1,42.48
736,795947.408558944,5828445.83349804,"berlin_b3326756",795997.5175,5828406.851,"teleportedWalk",65,"m","very_low",-2.643333333,-2.31666666666667,0.33,63.49
1116,797947.408558944,5828445.83349804,"berlin_31ba2129",797924.380219346,5828452.61395282,"teleportedWalk",23,"m","high",-12.01333333,-12.1366666666667,0.12,24.01
1154,798147.408558944,5828445.83349804,"berlin_538fcf3f",798138.0832,5828487.39986805,"teleportedWalk",70,"m","medium",-13.09666667,-13.17,0.07,42.6
1192,798347.408558944,5828445.83349804,"berlin_d16ed802",798391.499152494,5828455.44764111,"teleportedWalk",19,"m","low",-14.42333333,-14.2,0.22,45.13
1230,798547.408558944,5828445.83349804,"berlin_79d242d3",798542.235686074,5828408.89071279,"teleportedWalk",53,"f","high",-15.23,-15.2333333333333,0,37.3
1268,798747.408558944,5828445.83349804,"berlin_b715565d",798729.468965636,5828441.80193875,"teleportedWalk",12,"m","medium",-16.17666667,-16.27,0.09,18.39
1306,798947.408558944,5828445.83349804,"berlin_6737daed",798937.706815327,5828452.03629147,"teleportedWalk",40,"f","high",-51.64333333,-17.3033333333333,34.34,11.52
1344,799147.408558944,5828445.83349804,"berlin_46a6a75d",799162.255047248,5828391.311,"teleportedWalk",55,"f","high",-18.44333333,-18.34,0.1,56.51
1496,799947.408558944,5828445.83349804,"berlin_4123376c",799947.722707592,5828458.40349349,"teleportedWalk",34,"f","very_low",-22.48333333,-22.4866666666667,0,12.57
129,792747.408558944,5828645.83349804,"berlin_aeb35958",792761.206529749,5828658.83775415,"teleportedWalk",30,"f","low",-14.95,-15.0233333333333,0.07,18.96
167,792947.408558944,5828645.83349804,"berlin_13e2f81c",792923.836754228,5828606.617,"teleportedWalk",25,"m","very_low",-14.11666667,-13.9866666666667,0.13,45.76
243,793347.408558944,5828645.83349804,"berlin_8973bd44",793331.705299489,5828655.71803043,"teleportedWalk",51,"f","high",-11.98666667,-11.9066666666667,0.08,18.56
281,793547.408558944,5828645.83349804,"berlin_445f9c03",793547.960694913,5828653.01249503,"teleportedWalk",19,"f","medium",-10.86333333,-10.87,0.01,7.2
319,793747.408558944,5828645.83349804,"berlin_8e0c3969",793756.163224756,5828636.91,"teleportedWalk",12,"m","high",-9.79,-9.83,0.04,12.5
357,793947.408558944,5828645.83349804,"berlin_bb3cdbba",793932.546642786,5828631.06212625,"teleportedWalk",52,"f","medium",-8.876666667,-8.79333333333333,0.08,20.95
395,794147.408558944,5828645.83349804,"berlin_ed2b4f35",794132.996745172,5828651.34495192,"teleportedWalk",4,"m","medium",-7.83,-7.75666666666667,0.07,15.43
433,794347.408558944,5828645.83349804,"berlin_b43c9c46",794378.188161285,5828655.04840979,"teleportedWalk",26,"m","medium",-6.556666667,-6.72,0.16,32.13
471,794547.408558944,5828645.83349804,"berlin_71887cc9",794543.276007757,5828682.66873473,"teleportedWalk",62,"m","medium",-5.69,-5.68666666666667,0,37.07
509,794747.408558944,5828645.83349804,"berlin_7714d79e",794761.6344,5828634.51915035,"teleportedWalk",77,"m","high",-4.586666667,-4.65333333333333,0.07,18.18
547,794947.408558944,5828645.83349804,"berlin_ccef4a03",795000.128000489,5828561.94357033,"teleportedWalk",42,"f","high",-3.46,-3.62333333333333,0.16,99.08
585,795147.408558944,5828645.83349804,"berlin_b438bf48",795150.393492299,5828612.56424379,"teleportedWalk",84,"m","medium",-2.636666667,-2.60666666666667,0.03,33.4
623,795347.408558944,5828645.83349804,"berlin_a89fef26",795334.514513275,5828617.18352416,"teleportedWalk",22,"f","low",-1.736666667,-1.61333333333333,0.12,31.42
737,795947.408558944,5828645.83349804,"berlin_81fcd355",795959.472892792,5828619.52507083,"teleportedWalk",15,"m","medium",-1.846666667,-1.73666666666667,0.11,28.94
1041,797547.408558944,5828645.83349804,"berlin_f3081dc4",797547.657036899,5828629.86190438,"teleportedWalk",49,"f","high",-9.97,-9.96333333333333,0.01,15.97
1079,797747.408558944,5828645.83349804,"berlin_b3b60146",797746.756837628,5828715.60021974,"teleportedWalk",17,"m","high",-10.98333333,-11.0033333333333,0.02,69.77
1117,797947.408558944,5828645.83349804,"berlin_ed389caa",797965.752744502,5828688.56415424,"teleportedWalk",25,"f","medium",-12.12666667,-12.04,0.09,46.5
1155,798147.408558944,5828645.83349804,"berlin_7cd8523d",798112.159405363,5828659.60591105,"teleportedWalk",52,"f","high",-12.89333333,-13.08,0.19,37.84
1193,798347.408558944,5828645.83349804,"berlin_cb37dcca",798411.110380992,5828603.25530354,"teleportedWalk",34,"f","very_low",-14.46,-14.1166666666667,0.34,76.62
1231,798547.408558944,5828645.83349804,"berlin_4ecef571",798522.799752271,5828647.14651492,"teleportedWalk",43,"f","medium",-15.03,-15.1566666666667,0.13,24.64
1269,798747.408558944,5828645.83349804,"berlin_07ba6619",798754.956970503,5828606.1103996,"teleportedWalk",9,"m","medium",-16.24333333,-16.1966666666667,0.05,40.43
1307,798947.408558944,5828645.83349804,"berlin_40ce92a1",798934.821178343,5828608.7371287,"teleportedWalk",87,"m","very_high",-17.17666667,-17.2366666666667,0.06,39.17
1345,799147.408558944,5828645.83349804,"berlin_86a2bb2b",799159.489344045,5828659.25272816,"teleportedWalk",18,"f","high",-18.33666667,-18.2766666666667,0.06,18.06
1383,799347.408558944,5828645.83349804,"berlin_ee5a618b",799302.322978398,5828597.38232415,"teleportedWalk",16,"m","low",-19.09,-19.3133333333333,0.22,66.18
1421,799547.408558944,5828645.83349804,"berlin_9bd8b847",799533.009401975,5828648.49000139,"teleportedWalk",51,"f","very_low",-20.28,-20.3533333333333,0.07,14.64
1459,799747.408558944,5828645.83349804,"berlin_4015497d",799689.6511,5828614.85969405,"teleportedWalk",60,"m","medium",-21.1,-21.3933333333333,0.29,65.54
130,792747.408558944,5828845.83349804,"berlin_89e9feda",792794.668097231,5828804.08565081,"teleportedWalk",98,"m","medium",-14.76666667,-15.0166666666667,0.25,63.06
168,792947.408558944,5828845.83349804,"berlin_464b4bff",792943.668885188,5828826.09664613,"teleportedWalk",16,"m","high",-13.99666667,-13.98,0.02,20.09
244,793347.408558944,5828845.83349804,"berlin_94a03e39",793326.276723323,5828809.05450082,"teleportedWalk",59,"f","medium",-12.00333333,-11.9,0.1,42.42
282,793547.408558944,5828845.83349804,"berlin_cf2370fc",793534.6891,5828842.3651593,"teleportedWalk",77,"m","low",-10.92666667,-10.86,0.07,13.18
320,793747.408558944,5828845.83349804,"berlin_a0eef32a",793764.682653322,5828817.03154461,"teleportedWalk",22,"m","very_low",-9.726666667,-9.82,0.09,33.58
358,793947.408558944,5828845.83349804,"berlin_f9d794a8",793944.845295291,5828828.864,"teleportedWalk",52,"f","high",-8.793333333,-8.78333333333333,0.01,17.16
396,794147.408558944,5828845.83349804,"berlin_8837da19",794190.932171247,5828887.61248172,"teleportedWalk",54,"f","high",-7.533333333,-7.74333333333333,0.21,60.33
434,794347.408558944,5828845.83349804,"berlin_9359c800",794400.117035855,5828815.75893921,"teleportedWalk",32,"f","medium",-6.423333333,-6.70666666666667,0.28,60.68
472,794547.408558944,5828845.83349804,"berlin_932b80a3",794585.8101,5828822.22722965,"teleportedWalk",26,"f","medium",-5.46,-5.66666666666667,0.21,45.08
510,794747.408558944,5828845.83349804,"berlin_05c05ced",794731.14683051,5828907.87197452,"teleportedWalk",46,"f","very_high",-4.756666667,-4.63,0.13,64.13
548,794947.408558944,5828845.83349804,"berlin_3ef01fa1",794986.848764911,5828863.57859293,"teleportedWalk",10,"m","low",-3.406666667,-3.59666666666667,0.19,43.25
586,795147.408558944,5828845.83349804,"berlin_e6e4555b",795138.546232383,5828869.30246066,"teleportedWalk",61,"f","very_low",-2.636666667,-2.56666666666667,0.07,25.09
738,795947.408558944,5828845.83349804,"berlin_7ac58133",795912.2239,5828822.72325058,"teleportedWalk",53,"m","high",-1.473333333,-1.68,0.21,42.1
1004,797347.408558944,5828845.83349804,"berlin_defca4f1",797330.664846807,5828897.50027339,"teleportedWalk",57,"f","very_high",-8.846666667,-8.91333333333333,0.07,54.31
1042,797547.408558944,5828845.83349804,"berlin_d64ccb94",797521.207192085,5828841.63701802,"teleportedWalk",9,"m","very_low",-9.816666667,-9.95333333333333,0.14,26.54
1080,797747.408558944,5828845.83349804,"berlin_5f2febd3",797711.221824282,5828849.83114692,"teleportedWalk",28,"f","medium",-10.80666667,-10.9933333333333,0.19,36.41
1118,797947.408558944,5828845.83349804,"berlin_155c598c",798020.77910075,5828798.17220889,"teleportedWalk",64,"m","medium",-12.40666667,-12.0333333333333,0.37,87.49
1156,798147.408558944,5828845.83349804,"berlin_09feb0a5",798083.656005325,5828833.354611,"teleportedWalk",18,"m","low",-12.74,-13.0733333333333,0.33,64.96
1194,798347.408558944,5828845.83349804,"berlin_eb4dc3c1",798329.602398567,5828805.09969173,"teleportedWalk",29,"m","high",-14.01333333,-14.11,0.1,44.46
1232,798547.408558944,5828845.83349804,"berlin_f1cdae31",798479.430063896,5828836.5712806,"teleportedWalk",37,"f","medium",-14.79666667,-15.15,0.35,68.61
1270,798747.408558944,5828845.83349804,"berlin_a129bf8a",798814.57582356,5828865.36939312,"teleportedWalk",51,"f","medium",-16.54333333,-16.19,0.35,69.95
1308,798947.408558944,5828845.83349804,"berlin_86a3622a",798973.522189216,5828843.96488135,"teleportedWalk",60,"f","high",-17.36666667,-17.23,0.14,26.18
1346,799147.408558944,5828845.83349804,"berlin_0ef3776b",799137.8553,5828822.52713195,"teleportedWalk",18,"m","high",-18.21666667,-18.27,0.05,25.19
1384,799347.408558944,5828845.83349804,"berlin_c1ada298",799306.861,5828858.7914418,"teleportedWalk",44,"m","medium",-19.1,-19.31,0.21,42.57
245,793347.408558944,5829045.83349804,"berlin_a75bda97",793354.931535147,5829080.051,"teleportedWalk",33,"f","medium",-11.96666667,-11.9833333333333,0.02,35.03
283,793547.408558944,5829045.83349804,"berlin_b8f864b5",793572.520095752,5829043.27913103,"teleportedWalk",52,"f","very_low",-10.82,-10.95,0.13,25.24
321,793747.408558944,5829045.83349804,"berlin_c428094e",793749.648749407,5829083.79544293,"teleportedWalk",32,"f","medium",-9.94,-9.92,0.02,38.03
359,793947.408558944,5829045.83349804,"berlin_35efacc0",793934.4557,5828990.02412028,"teleportedWalk",13,"m","medium",-8.916666667,-8.89333333333333,0.02,57.29
397,794147.408558944,5829045.83349804,"berlin_1c547077",794178.142692038,5829050.69187604,"teleportedWalk",98,"m","medium",-7.716666667,-7.87,0.15,31.12
435,794347.408558944,5829045.83349804,"berlin_b48a6d82",794306.119150965,5829077.21821239,"teleportedWalk",88,"m","low",-7.096666667,-6.85,0.25,51.86
473,794547.408558944,5829045.83349804,"berlin_ad362fe3",794568.18230046,5829026.48537234,"teleportedWalk",48,"m","medium",-5.71,-5.84,0.13,28.39
511,794747.408558944,5829045.83349804,"berlin_0ff97713",794766.608282971,5829029.25457162,"teleportedWalk",3,"m","very_low",-4.72,-4.84,0.12,25.37
549,794947.408558944,5829045.83349804,"berlin_fb7db8f2",794975.078363445,5829024.4341452,"teleportedWalk",28,"f","medium",-3.686666667,-3.86,0.17,34.98
587,795147.408558944,5829045.83349804,"berlin_445778fd",795143.626294623,5829069.47840109,"teleportedWalk",23,"m","medium",-3.006666667,-2.92666666666667,0.08,23.95
739,795947.408558944,5829045.83349804,"berlin_7551f4f6",795916.008026279,5829034.3532846,"teleportedWalk",41,"m","high",-2.026666667,-2.19,0.16,33.43
777,796147.408558944,5829045.83349804,"berlin_cf5b4494",796098.933637839,5829075.1423545,"teleportedWalk",62,"m","low",-2.906666667,-3.04,0.13,56.65
815,796347.408558944,5829045.83349804,"berlin_457f5ac0",796363.068213908,5829094.80837233,"teleportedWalk",28,"f","high",-4.16,-3.98333333333333,0.18,51.42
891,796747.408558944,5829045.83349804,"berlin_26b6947e",796730.422340084,5829058.60542798,"teleportedWalk",43,"f","medium",-5.9,-5.96666666666667,0.07,21.25
967,797147.408558944,5829045.83349804,"berlin_cb932678",797164.014474966,5829113.78992934,"teleportedWalk",11,"m","high",-8.156666667,-8,0.16,69.96
1005,797347.408558944,5829045.83349804,"berlin_833ab1f9",797367.105147092,5829047.04074279,"teleportedWalk",60,"m","very_low",-9.126666667,-9.02333333333333,0.1,19.73
1043,797547.408558944,5829045.83349804,"berlin_72541bd6",797529.410417181,5829045.68384524,"teleportedWalk",24,"f","medium",-9.96,-10.0533333333333,0.09,18
1081,797747.408558944,5829045.83349804,"berlin_d1498a5c",797711.583318779,5829045.651,"teleportedWalk",30,"f","low",-10.89666667,-11.0833333333333,0.19,35.83
1119,797947.408558944,5829045.83349804,"berlin_ba939a6e",797896.071746295,5829034.95432777,"teleportedWalk",7,"m","high",-11.84333333,-12.1133333333333,0.27,52.48
1157,798147.408558944,5829045.83349804,"berlin_5280607d",798174.7918,5829059.60238171,"teleportedWalk",48,"f","high",-13.29666667,-13.1466666666667,0.15,30.65
1195,798347.408558944,5829045.83349804,"berlin_1fee80a4",798332.485265348,5829086.47685646,"teleportedWalk",20,"m","very_high",-14.12666667,-14.18,0.05,43.3
1233,798547.408558944,5829045.83349804,"berlin_dae795ae",798531.433233311,5829044.75296652,"teleportedWalk",36,"f","medium",-15.13333333,-15.2166666666667,0.08,16.01
1271,798747.408558944,5829045.83349804,"berlin_317e45c5",798749.3898,5829085.51955948,"teleportedWalk",38,"m","high",-16.28,-16.25,0.03,39.74
1309,798947.408558944,5829045.83349804,"berlin_ae467ce9",798908.300944595,5828987.65565838,"teleportedWalk",55,"m","medium",-17.06,-17.2866666666667,0.23,70.1
398,794147.408558944,5829245.83349804,"berlin_6392467d",794060.214464447,5829209.91888579,"teleportedWalk",23,"f","very_high",-8.506666667,-8.12666666666667,0.38,94.3
436,794347.408558944,5829245.83349804,"berlin_ccaa8037",794359.578571448,5829230.65382561,"teleportedWalk",4,"m","low",-7.06,-7.14666666666667,0.09,19.46
474,794547.408558944,5829245.83349804,"berlin_9b184562",794628.341683199,5829251.48962884,"teleportedWalk",46,"f","medium",-5.813333333,-6.18333333333333,0.37,81.13
512,794747.408558944,5829245.83349804,"berlin_29e1de54",794747.3723,5829277.6221425,"teleportedWalk",52,"f","medium",-5.33,-5.25,0.08,31.79
550,794947.408558944,5829245.83349804,"berlin_36323d70",794973.705632662,5829212.61189244,"teleportedWalk",39,"f","very_low",-4.153333333,-4.36333333333333,0.21,42.37
588,795147.408558944,5829245.83349804,"berlin_abbc82f6",795100.650985112,5829265.25705173,"teleportedWalk",32,"f","medium",-3.806666667,-3.56333333333333,0.24,50.63
664,795547.408558944,5829245.83349804,"berlin_05b2ccac",795506.928723093,5829203.65488542,"teleportedWalk",37,"m","medium",-2.38,-2.54666666666667,0.17,58.46
702,795747.408558944,5829245.83349804,"berlin_64a8baac",795765.570992877,5829247.98337167,"teleportedWalk",47,"f","low",-2.606666667,-2.57333333333333,0.03,18.29
778,796147.408558944,5829245.83349804,"berlin_ac574a7f",796166.875424292,5829280.05787189,"teleportedWalk",21,"f","medium",-3.853333333,-3.65666666666667,0.2,39.37
816,796347.408558944,5829245.83349804,"berlin_f3df98f7",796276.428472496,5829233.98786895,"teleportedWalk",21,"m","very_high",-4.136666667,-4.47333333333333,0.34,71.96
854,796547.408558944,5829245.83349804,"berlin_ca8378c8",796496.194551982,5829318.29543499,"teleportedWalk",68,"m","medium",-5.326666667,-5.36666666666667,0.04,88.73
892,796747.408558944,5829245.83349804,"berlin_6d6e2f66",796833.03022719,5829222.6297579,"teleportedWalk",54,"m","very_high",-6.67,-6.30333333333333,0.37,88.71
930,796947.408558944,5829245.83349804,"berlin_8abc927f",796923.95501354,5829188.938,"teleportedWalk",20,"m","medium",-7.056666667,-7.27,0.21,61.54
968,797147.408558944,5829245.83349804,"berlin_c0e5785d",797171.851933729,5829209.91214752,"teleportedWalk",59,"f","very_high",-8.323333333,-8.25333333333333,0.07,43.45
1006,797347.408558944,5829245.83349804,"berlin_7294168f",797279.78910097,5829295.42497249,"teleportedWalk",58,"f","high",-8.99,-9.25,0.26,83.86
1044,797547.408558944,5829245.83349804,"berlin_e7a4c8c3",797482.673392524,5829175.48532969,"teleportedWalk",33,"f","medium",-9.843333333,-10.2566666666667,0.41,95.6
1082,797747.408558944,5829245.83349804,"berlin_c03e3427",797686.12376404,5829279.63667152,"teleportedWalk",35,"m","medium",-10.99666667,-11.2666666666667,0.27,69.99
1120,797947.408558944,5829245.83349804,"berlin_d6250d5e",797972.278266726,5829239.66831465,"teleportedWalk",55,"m","medium",-12.40333333,-12.2833333333333,0.12,25.62
1158,798147.408558944,5829245.83349804,"berlin_43885b26",798156.843398992,5829201.3061449,"teleportedWalk",13,"m","very_low",-13.31,-13.3033333333333,0.01,45.52
1196,798347.408558944,5829245.83349804,"berlin_c748f12b",798294.996050326,5829306.44352997,"teleportedWalk",25,"f","high",-14.11666667,-14.3266666666667,0.21,80.13
1234,798547.408558944,5829245.83349804,"berlin_4e938a65",798538.619507233,5829210.14735075,"teleportedWalk",27,"m","very_high",-15.27666667,-15.35,0.07,36.75
1272,798747.408558944,5829245.83349804,"berlin_d42c717d",798739.0318,5829207.85875808,"teleportedWalk",22,"f","medium",-16.30666667,-16.3766666666667,0.07,38.89
513,794747.408558944,5829445.83349804,"berlin_14d56a78",794803.766885994,5829387.17056363,"teleportedWalk",38,"f","high",-5.4,-5.81666666666667,0.42,81.35
551,794947.408558944,5829445.83349804,"berlin_67d514d4",794921.41739035,5829399.3779221,"teleportedWalk",51,"m","low",-4.966666667,-5.03333333333333,0.07,53.23
589,795147.408558944,5829445.83349804,"berlin_9f152be1",795150.914902591,5829475.46677782,"teleportedWalk",41,"m","very_low",-4.473333333,-4.35666666666667,0.12,29.84
627,795347.408558944,5829445.83349804,"berlin_3f3d215a",795413.491719713,5829459.08708587,"teleportedWalk",61,"f","high",-3.793333333,-3.84666666666667,0.05,67.4
665,795547.408558944,5829445.83349804,"berlin_6e2f9880",795540.7407,5829448.933,"teleportedWalk",52,"f","medium",-3.593333333,-3.57333333333333,0.02,7.35
703,795747.408558944,5829445.83349804,"berlin_a9c153e0",795702.902174572,5829391.18886541,"teleportedWalk",38,"f","medium",-3.28,-3.59333333333333,0.31,70.48
779,796147.408558944,5829445.83349804,"berlin_5dcbf6bd",796106.435972679,5829409.52883471,"teleportedWalk",36,"m","low",-4.156666667,-4.43666666666667,0.28,54.74
817,796347.408558944,5829445.83349804,"berlin_e3002cca",796352.755154985,5829416.02954897,"teleportedWalk",15,"m","low",-5.043333333,-5.13,0.09,30.28
855,796547.408558944,5829445.83349804,"berlin_7e427ddc",796555.348089088,5829428.01540145,"teleportedWalk",44,"f","medium",-5.903333333,-5.92333333333333,0.02,19.51
931,796947.408558944,5829445.83349804,"berlin_5859f2de",796966.833429558,5829488.00792637,"teleportedWalk",45,"m","high",-7.883333333,-7.69,0.19,46.43
969,797147.408558944,5829445.83349804,"berlin_14210799",797137.259823806,5829422.95628042,"teleportedWalk",14,"m","high",-8.53,-8.62666666666667,0.1,25.03
1007,797347.408558944,5829445.83349804,"berlin_914e8e3f",797294.805282647,5829450.38136021,"teleportedWalk",46,"m","medium",-9.34,-9.58666666666667,0.25,52.8
1045,797547.408558944,5829445.83349804,"berlin_c47a7a28",797517.810644333,5829518.74885326,"teleportedWalk",2,"m","very_low",-10.55,-10.5566666666667,0.01,78.69
1083,797747.408558944,5829445.83349804,"berlin_b2274371",797790.442409008,5829356.753,"teleportedWalk",42,"f","medium",-11.62333333,-11.5433333333333,0.08,98.93
1159,798147.408558944,5829445.83349804,"berlin_b70e3857",798160.74181496,5829442.65115868,"teleportedWalk",54,"m","high",-13.6,-13.5366666666667,0.06,13.71
1197,798347.408558944,5829445.83349804,"berlin_f96eead5",798333.23897314,5829423.87391486,"teleportedWalk",26,"m","medium",-14.44333333,-14.5433333333333,0.1,26.13
1235,798547.408558944,5829445.83349804,"berlin_7b8e42b6",798508.029951281,5829437.10784339,"teleportedWalk",46,"m","high",-15.34333333,-15.5533333333333,0.21,40.33
1273,798747.408558944,5829445.83349804,"berlin_6257176a",798766.727568471,5829431.462,"teleportedWalk",18,"f","low",-16.65,-16.57,0.08,24.08
780,796147.408558944,5829645.83349804,"berlin_7cc379dd",796136.218232408,5829641.93807339,"teleportedWalk",40,"m","high",-5.256666667,-5.30333333333333,0.05,11.85
818,796347.408558944,5829645.83349804,"berlin_88e56b81",796299.715208373,5829639.39607078,"teleportedWalk",34,"f","medium",-5.716666667,-5.89666666666667,0.18,48.13
856,796547.408558944,5829645.83349804,"berlin_af8b6453",796552.7863,5829703.83158128,"teleportedWalk",49,"f","high",-6.83,-6.6,0.23,58.25
894,796747.408558944,5829645.83349804,"berlin_11461c06",796798.41322946,5829648.16285574,"teleportedWalk",62,"m","low",-7.6,-7.38333333333333,0.22,51.06
932,796947.408558944,5829645.83349804,"berlin_e351889e",796896.40571663,5829629.69450063,"teleportedWalk",36,"f","medium",-7.956666667,-8.22333333333333,0.27,53.5
970,797147.408558944,5829645.83349804,"berlin_18167765",797058.564911311,5829657.19311137,"teleportedWalk",28,"f","high",-8.74,-9.10333333333333,0.36,89.57
1008,797347.408558944,5829645.83349804,"berlin_25ea0e70",797389.45171319,5829676.5391031,"teleportedWalk",17,"m","very_low",-10.28333333,-10.0166666666667,0.27,52.06
1046,797547.408558944,5829645.83349804,"berlin_f7f43ad5",797529.636321694,5829670.5269254,"teleportedWalk",59,"f","medium",-10.92333333,-10.95,0.03,30.42
1122,797947.408558944,5829645.83349804,"berlin_eed05528",797965.230976841,5829650.51976476,"teleportedWalk",53,"m","very_high",-12.96666667,-12.87,0.1,18.43
1160,798147.408558944,5829645.83349804,"berlin_a3402c37",798157.770842526,5829660.96484548,"teleportedWalk",37,"f","high",-13.92333333,-13.8466666666667,0.08,18.34
1198,798347.408558944,5829645.83349804,"berlin_f79469a2",798393.67,5829653.84104376,"teleportedWalk",5,"m","high",-15.07333333,-14.8333333333333,0.24,46.95
1236,798547.408558944,5829645.83349804,"berlin_29e9c2cc",798528.222583161,5829649.37804504,"teleportedWalk",45,"f","very_low",-15.73333333,-15.8233333333333,0.09,19.51
1274,798747.408558944,5829645.83349804,"berlin_6d54791b",798773.026889701,5829606.646,"teleportedWalk",17,"m","medium",-16.89666667,-16.8233333333333,0.07,46.82
1312,798947.408558944,5829645.83349804,"berlin_554500ba",798900.291034297,5829593.229,"teleportedWalk",23,"m","medium",-17.52,-17.8233333333333,0.3,70.62
553,794947.408558944,5829845.83349804,"berlin_0c3b2846",794965.298870672,5829926.03963611,"teleportedWalk",54,"f","very_high",-6.973333333,-6.66333333333333,0.31,82.18
667,795547.408558944,5829845.83349804,"berlin_9eb30953",795494.315969824,5829921.75775737,"teleportedWalk",50,"m","medium",-6.063333333,-5.64333333333333,0.42,92.65
857,796547.408558944,5829845.83349804,"berlin_e9f8df97",796581.780734317,5829786.39982799,"teleportedWalk",41,"f","medium",-7.246666667,-7.36,0.11,68.66
895,796747.408558944,5829845.83349804,"berlin_b212a91e",796782.099815119,5829800.12531945,"teleportedWalk",21,"f","medium",-8.04,-8.07,0.03,57.38
933,796947.408558944,5829845.83349804,"berlin_14f67482",796931.30851912,5829815.858,"teleportedWalk",40,"m","medium",-8.68,-8.84333333333333,0.16,34.03
971,797147.408558944,5829845.83349804,"berlin_9c64d92f",797179.110091939,5829887.01613396,"teleportedWalk",11,"m","low",-9.93,-9.67,0.26,51.97
1009,797347.408558944,5829845.83349804,"berlin_82dddc14",797380.422940436,5829835.21653303,"teleportedWalk",11,"m","high",-10.65,-10.5333333333333,0.12,34.68
1047,797547.408558944,5829845.83349804,"berlin_5049559a",797521.709133139,5829884.42857247,"teleportedWalk",71,"m","medium",-11.41,-11.4266666666667,0.02,46.37
1085,797747.408558944,5829845.83349804,"berlin_3b5a7095",797752.613269002,5829855.87677011,"teleportedWalk",8,"m","high",-12.39,-12.3433333333333,0.05,11.31
1123,797947.408558944,5829845.83349804,"berlin_b3d611e9",797973.864448771,5829806.733112,"teleportedWalk",49,"m","medium",-13.31666667,-13.2766666666667,0.04,47.21
1161,798147.408558944,5829845.83349804,"berlin_ddf4aa62",798136.7767,5829807.26600879,"teleportedWalk",26,"f","very_low",-14.09666667,-14.2233333333333,0.13,40.01
1199,798347.408558944,5829845.83349804,"berlin_718eb2ca",798343.517437984,5829831.34996427,"teleportedWalk",63,"m","medium",-15.14,-15.1866666666667,0.05,15
1237,798547.408558944,5829845.83349804,"berlin_d395a799",798574.36064737,5829852.10966719,"teleportedWalk",37,"f","medium",-16.3,-16.1566666666667,0.14,27.67
1275,798747.408558944,5829845.83349804,"berlin_991d76fc",798680.82291694,5829860.86381397,"teleportedWalk",36,"m","low",-16.83333333,-17.1333333333333,0.3,68.26
516,794747.408558944,5830045.83349804,"berlin_91a9766e",794826.8556,5830058.076,"teleportedWalk",26,"m","low",-7.933333333,-8.10666666666667,0.17,80.38
554,794947.408558944,5830045.83349804,"berlin_835a788b",794973.097927284,5830050.922,"teleportedWalk",24,"f","high",-7.523333333,-7.56333333333333,0.04,26.19
592,795147.408558944,5830045.83349804,"berlin_024c3a6c",795098.793867171,5830064.33350279,"teleportedWalk",86,"m","high",-7.313333333,-7.13,0.18,52.02
630,795347.408558944,5830045.83349804,"berlin_f1f0c985",795335.178070954,5830051.78817903,"teleportedWalk",16,"m","very_high",-6.873333333,-6.83,0.04,13.6
668,795547.408558944,5830045.83349804,"berlin_e2e2eb08",795576.306242615,5830022.7041466,"teleportedWalk",12,"m","very_high",-6.553333333,-6.68,0.13,37.01
706,795747.408558944,5830045.83349804,"berlin_73e97672",795731.654229439,5830122.12259835,"teleportedWalk",18,"f","low",-7.08,-6.69,0.39,77.9
858,796547.408558944,5830045.83349804,"berlin_2b663a72",796487.145239317,5830009.795,"teleportedWalk",61,"f","low",-7.85,-8.18333333333333,0.33,70.22
896,796747.408558944,5830045.83349804,"berlin_fa4e7c04",796725.554099873,5830002.64,"teleportedWalk",52,"f","low",-8.583333333,-8.82666666666667,0.24,48.41
972,797147.408558944,5830045.83349804,"berlin_641fa06a",797157.616415074,5830025.20879903,"teleportedWalk",33,"m","high",-10.28333333,-10.31,0.03,23.01
1010,797347.408558944,5830045.83349804,"berlin_648d459b",797416.10293656,5829985.30687315,"teleportedWalk",45,"f","medium",-11.23,-11.1233333333333,0.11,91.56
1048,797547.408558944,5830045.83349804,"berlin_243d3cfb",797597.858506168,5830040.28324931,"teleportedWalk",78,"m","medium",-12.17666667,-11.9733333333333,0.2,50.75
1086,797747.408558944,5830045.83349804,"berlin_cc385335",797756.52480719,5830047.16208417,"teleportedWalk",44,"f","high",-12.89333333,-12.85,0.04,9.21
1124,797947.408558944,5830045.83349804,"berlin_a7a440a7",797952.827754818,5830040.41467085,"teleportedWalk",40,"f","medium",-13.76,-13.75,0.01,7.66
1162,798147.408558944,5830045.83349804,"berlin_f71012fd",798153.881067674,5830053.43841985,"teleportedWalk",26,"f","very_low",-14.71666667,-14.6666666666667,0.05,9.99
1200,798347.408558944,5830045.83349804,"berlin_b7715182",798338.670918385,5830029.13813548,"teleportedWalk",58,"m","medium",-15.52333333,-15.6,0.08,18.84
1238,798547.408558944,5830045.83349804,"berlin_1746360d",798561.665754182,5830010.42311563,"teleportedWalk",51,"m","high",-16.54333333,-16.5466666666667,0,38.17
1276,798747.408558944,5830045.83349804,"berlin_800c83c1",798702.005456292,5830017.15013757,"teleportedWalk",91,"m","very_low",-17.23,-17.5033333333333,0.27,53.7
555,794947.408558944,5830245.83349804,"berlin_78d8836a",794977.622452177,5830210.3843311,"teleportedWalk",54,"f","high",-8.26,-8.49333333333333,0.23,46.58
593,795147.408558944,5830245.83349804,"berlin_7dba9a18",795158.111623609,5830266.88179721,"teleportedWalk",39,"f","very_high",-8.196666667,-8.11,0.09,23.61
631,795347.408558944,5830245.83349804,"berlin_91ad8b70",795335.317215816,5830262.0488029,"teleportedWalk",62,"f","high",-7.943333333,-7.85,0.09,20.23
669,795547.408558944,5830245.83349804,"berlin_e1ed844e",795579.22868771,5830276.80803439,"teleportedWalk",55,"m","high",-7.87,-7.72,0.15,44.41
707,795747.408558944,5830245.83349804,"berlin_53c1b795",795748.256693433,5830243.4514199,"teleportedWalk",35,"f","very_high",-7.716666667,-7.72666666666667,0.01,2.53
745,795947.408558944,5830245.83349804,"berlin_4fba658e",795850.2796,5830254.81902714,"teleportedWalk",21,"m","low",-7.833333333,-7.87333333333333,0.04,97.54
783,796147.408558944,5830245.83349804,"berlin_a4fcc17c",796148.570068322,5830273.55904462,"teleportedWalk",23,"m","low",-8.293333333,-8.15333333333333,0.14,27.75
821,796347.408558944,5830245.83349804,"berlin_8edc0e79",796358.879109596,5830248.52488253,"teleportedWalk",41,"f","very_high",-8.59,-8.55,0.04,11.78
859,796547.408558944,5830245.83349804,"berlin_cc1c88e0",796573.3559,5830211.81530735,"teleportedWalk",36,"m","very_high",-8.973333333,-9.05,0.08,42.78
897,796747.408558944,5830245.83349804,"berlin_5ae6f9ce",796750.182211903,5830241.6825753,"teleportedWalk",62,"f","medium",-9.626666667,-9.63666666666667,0.01,4.99
973,797147.408558944,5830245.83349804,"berlin_af400a85",797156.077347699,5830265.84726294,"teleportedWalk",67,"m","medium",-11.11666667,-11.01,0.11,21.81
1049,797547.408558944,5830245.83349804,"berlin_1913ca91",797536.948975473,5830261.76095836,"teleportedWalk",5,"m","high",-12.59,-12.58,0.01,19.05
1125,797947.408558944,5830245.83349804,"berlin_47bb7aa4",797956.7714585,5830256.37156329,"teleportedWalk",41,"f","medium",-14.35333333,-14.2833333333333,0.07,14.1
1163,798147.408558944,5830245.83349804,"berlin_6a8db0f3",798124.254950474,5830219.54023301,"teleportedWalk",31,"m","high",-14.99666667,-15.1666666666667,0.17,35.03
1201,798347.408558944,5830245.83349804,"berlin_3bcf2e73",798301.1076,5830266.837,"teleportedWalk",43,"f","high",-15.91666667,-16.0733333333333,0.16,50.84
1239,798547.408558944,5830245.83349804,"berlin_d3a742fe",798538.319190196,5830163.97152482,"teleportedWalk",95,"m","medium",-16.76,-16.9933333333333,0.23,82.37
518,794747.408558944,5830445.83349804,"berlin_653ba4cd",794793.095296189,5830500.75629165,"teleportedWalk",5,"m","medium",-10.03666667,-9.88666666666667,0.15,71.44
556,794947.408558944,5830445.83349804,"berlin_8865bf17",794938.513603994,5830426.50215621,"teleportedWalk",62,"f","medium",-9.373333333,-9.44666666666667,0.07,21.28
632,795347.408558944,5830445.83349804,"berlin_4d706dad",795417.831643489,5830384.89461287,"teleportedWalk",59,"f","very_low",-8.503333333,-8.87333333333333,0.37,93.13
670,795547.408558944,5830445.83349804,"berlin_bb05ad47",795541.7431,5830436.46496251,"teleportedWalk",41,"m","very_high",-8.71,-8.75666666666667,0.05,10.95
708,795747.408558944,5830445.83349804,"berlin_5335bb9e",795777.773001328,5830462.88142503,"teleportedWalk",35,"f","low",-8.866666667,-8.76333333333333,0.1,34.82
746,795947.408558944,5830445.83349804,"berlin_80d0384a",795923.58011774,5830462.77318824,"teleportedWalk",38,"m","high",-8.96,-8.89666666666667,0.06,29.24
784,796147.408558944,5830445.83349804,"berlin_e8c22eaf",796103.482811174,5830455.725,"teleportedWalk",37,"m","very_high",-9.126666667,-9.14333333333333,0.02,45.03
822,796347.408558944,5830445.83349804,"berlin_82f0eb6f",796352.437808057,5830436.3933877,"teleportedWalk",55,"m","high",-9.463333333,-9.49666666666667,0.03,10.7
860,796547.408558944,5830445.83349804,"berlin_5374a013",796463.916682409,5830443.37683375,"teleportedWalk",78,"m","low",-9.74,-9.95,0.21,83.53
898,796747.408558944,5830445.83349804,"berlin_78e24ebd",796729.750167002,5830388.21932475,"teleportedWalk",62,"m","high",-10.18666667,-10.4866666666667,0.3,60.26
1088,797747.408558944,5830445.83349804,"berlin_56735710",797772.851132133,5830405.43181984,"teleportedWalk",8,"m","medium",-14.01666667,-14.04,0.02,47.75
1126,797947.408558944,5830445.83349804,"berlin_4702a285",797900.405658803,5830451.4108849,"teleportedWalk",34,"f","medium",-14.69,-14.87,0.18,47.33
1164,798147.408558944,5830445.83349804,"berlin_ca3493a1",798111.765124019,5830472.37579958,"teleportedWalk",29,"f","high",-15.64666667,-15.7233333333333,0.08,44.44
1202,798347.408558944,5830445.83349804,"berlin_34b19b88",798360.671777524,5830456.9369199,"teleportedWalk",29,"f","medium",-16.68666667,-16.5966666666667,0.09,17.3
405,794147.408558944,5830645.83349804,"berlin_22cb5356",794218.195159669,5830690.28401762,"teleportedWalk",54,"f","medium",-12.43333333,-12.4733333333333,0.04,83.59
481,794547.408558944,5830645.83349804,"berlin_81157cf6",794494.548270032,5830711.75654259,"teleportedWalk",24,"m","medium",-11.73666667,-11.3,0.44,84.5
519,794747.408558944,5830645.83349804,"berlin_95e41f3a",794750.920794206,5830681.59517737,"teleportedWalk",58,"f","very_high",-10.98,-10.8166666666667,0.16,35.93
557,794947.408558944,5830645.83349804,"berlin_3cb993a5",794993.876620503,5830671.41723794,"teleportedWalk",45,"f","medium",-10.46333333,-10.4166666666667,0.05,53.05
595,795147.408558944,5830645.83349804,"berlin_9d4d7c2f",795171.7451,5830740.794,"teleportedWalk",36,"f","medium",-10.55666667,-10.1066666666667,0.45,98.03
633,795347.408558944,5830645.83349804,"berlin_7f6c2520",795399.540367982,5830641.89003038,"teleportedWalk",69,"m","medium",-9.84,-9.9,0.06,52.28
671,795547.408558944,5830645.83349804,"berlin_04b5bfd1",795559.437008729,5830663.60705513,"teleportedWalk",54,"f","very_high",-9.886666667,-9.79666666666667,0.09,21.46
709,795747.408558944,5830645.83349804,"berlin_4f619b5a",795755.275768526,5830641.41532573,"teleportedWalk",55,"f","medium",-9.783333333,-9.80333333333333,0.02,9.02
747,795947.408558944,5830645.83349804,"berlin_22a6616e",795982.759346586,5830625.29667705,"teleportedWalk",46,"f","high",-9.846666667,-9.92,0.07,40.88
785,796147.408558944,5830645.83349804,"berlin_16713edd",796208.176201163,5830656.62418502,"teleportedWalk",32,"m","very_high",-10.28333333,-10.1433333333333,0.14,61.72
823,796347.408558944,5830645.83349804,"berlin_69b88624",796342.108566841,5830670.53193376,"teleportedWalk",53,"f","low",-10.57333333,-10.4633333333333,0.11,25.26
861,796547.408558944,5830645.83349804,"berlin_18b49284",796490.938942853,5830595.61696613,"teleportedWalk",35,"f","high",-10.51333333,-10.8766666666667,0.36,75.57
899,796747.408558944,5830645.83349804,"berlin_ef5bb9f4",796741.403021033,5830618.07452423,"teleportedWalk",59,"f","high",-11.22666667,-11.3666666666667,0.14,28.4
1089,797747.408558944,5830645.83349804,"berlin_d7639ce9",797784.203391913,5830725.88269289,"teleportedWalk",45,"f","high",-15.13333333,-14.7133333333333,0.42,88.1
1127,797947.408558944,5830645.83349804,"berlin_d5aad015",797967.43267126,5830697.16482574,"teleportedWalk",45,"f","high",-15.75333333,-15.5033333333333,0.25,55.1
1165,798147.408558944,5830645.83349804,"berlin_3792584f",798187.649058879,5830671.89195567,"teleportedWalk",11,"m","medium",-16.57333333,-16.3233333333333,0.25,47.94
1203,798347.408558944,5830645.83349804,"berlin_eff53484",798283.263606901,5830715.45982167,"teleportedWalk",49,"f","very_low",-17.10666667,-17.1666666666667,0.06,94.67
368,793947.408558944,5830845.83349804,"berlin_d8121a65",794020.134214619,5830871.80502113,"teleportedWalk",34,"f","very_high",-13.80666667,-13.9333333333333,0.13,77.22
406,794147.408558944,5830845.83349804,"berlin_cac4ccb0",794145.741974162,5830807.953,"teleportedWalk",26,"f","high",-13.15,-13.3033333333333,0.15,37.92
444,794347.408558944,5830845.83349804,"berlin_20b75961",794332.918468378,5830898.06299763,"teleportedWalk",44,"f","high",-12.99666667,-12.7266666666667,0.27,54.2
482,794547.408558944,5830845.83349804,"berlin_bc85e3af",794535.916910371,5830845.62455042,"teleportedWalk",18,"f","very_low",-12.24,-12.2133333333333,0.03,11.49
520,794747.408558944,5830845.83349804,"berlin_435e48a5",794753.851455878,5830847.51283349,"teleportedWalk",29,"m","high",-11.76333333,-11.7666666666667,0,6.66
558,794947.408558944,5830845.83349804,"berlin_3751da22",794965.2755,5830873.16446571,"teleportedWalk",53,"f","high",-11.50666667,-11.4,0.11,32.65
596,795147.408558944,5830845.83349804,"berlin_c02e3a23",795149.994433149,5830861.69724062,"teleportedWalk",42,"f","very_high",-11.19666667,-11.1166666666667,0.08,16.07
634,795347.408558944,5830845.83349804,"berlin_272d743e",795357.467063482,5830927.0444756,"teleportedWalk",55,"f","high",-11.34,-10.9266666666667,0.41,81.83
672,795547.408558944,5830845.83349804,"berlin_c5f16926",795631.176413609,5830821.72341608,"teleportedWalk",10,"m","very_low",-10.7,-10.8333333333333,0.13,87.17
710,795747.408558944,5830845.83349804,"berlin_c0767834",795742.148406865,5830801.76736824,"teleportedWalk",44,"f","very_high",-10.61,-10.84,0.23,44.38
748,795947.408558944,5830845.83349804,"berlin_3f5281bf",795969.000503038,5830824.66749511,"teleportedWalk",37,"f","very_low",-10.85666667,-10.9466666666667,0.09,30.24
786,796147.408558944,5830845.83349804,"berlin_1a87995e",796168.143905366,5830833.92796402,"teleportedWalk",35,"f","very_high",-11.11666667,-11.15,0.03,23.91
824,796347.408558944,5830845.83349804,"berlin_8d948533",796362.43571043,5830801.03098746,"teleportedWalk",1,"m","medium",-11.24666667,-11.4433333333333,0.2,47.26
900,796747.408558944,5830845.83349804,"berlin_0d01faec",796783.993819683,5830867.65433845,"teleportedWalk",68,"m","medium",-12.46333333,-12.2733333333333,0.19,42.6
938,796947.408558944,5830845.83349804,"berlin_6e73a78c",796945.561370748,5830808.75676358,"teleportedWalk",62,"f","low",-12.63,-12.7966666666667,0.17,37.12
1052,797547.408558944,5830845.83349804,"berlin_f0fc93ec",797633.624443515,5830873.43270674,"teleportedWalk",55,"f","medium",-15.11,-14.7,0.41,90.53
1090,797747.408558944,5830845.83349804,"berlin_2c571371",797755.95358323,5830870.16211599,"teleportedWalk",50,"f","medium",-15.54333333,-15.4233333333333,0.12,25.79
1128,797947.408558944,5830845.83349804,"berlin_d09ec386",797934.464842391,5830884.30137853,"teleportedWalk",33,"f","very_low",-16.26666667,-16.18,0.09,40.59
1166,798147.408558944,5830845.83349804,"berlin_0b1582a1",798168.2968,5830817.15482255,"teleportedWalk",5,"m","low",-16.95666667,-16.9666666666667,0.01,35.48
1204,798347.408558944,5830845.83349804,"berlin_7af285e2",798268.049396662,5830832.05011204,"teleportedWalk",57,"m","medium",-17.41,-17.78,0.37,80.55
179,792947.408558944,5831045.83349804,"berlin_359fa5ff",792939.279298767,5831008.168,"teleportedWalk",44,"f","medium",-18.23666667,-18.33,0.09,38.53
445,794347.408558944,5831045.83349804,"berlin_db030233",794359.561220675,5831028.33282451,"teleportedWalk",23,"f","low",-13.51333333,-13.6233333333333,0.11,21.31
483,794547.408558944,5831045.83349804,"berlin_96cb6ade",794538.217258709,5831053.43238056,"teleportedWalk",88,"m","very_high",-13.2,-13.1433333333333,0.06,11.93
521,794747.408558944,5831045.83349804,"berlin_569d22d5",794743.914117138,5831048.9876263,"teleportedWalk",57,"m","medium",-12.75333333,-12.73,0.02,4.71
559,794947.408558944,5831045.83349804,"berlin_47f6c8a0",794970.51818091,5831063.87272438,"teleportedWalk",26,"f","high",-12.44666667,-12.39,0.06,29.32
597,795147.408558944,5831045.83349804,"berlin_57c8558a",795106.740874424,5831047.15732276,"teleportedWalk",78,"m","low",-12.18666667,-12.1333333333333,0.05,40.69
635,795347.408558944,5831045.83349804,"berlin_a6bf0db5",795351.5464,5831032.63467775,"teleportedWalk",41,"m","medium",-11.88666667,-11.96,0.07,13.83
673,795547.408558944,5831045.83349804,"berlin_e7565e15",795569.452320582,5831068.61996923,"teleportedWalk",37,"f","high",-11.99,-11.8733333333333,0.12,31.7
711,795747.408558944,5831045.83349804,"berlin_5f67df69",795711.620812668,5831134.07751125,"teleportedWalk",69,"m","medium",-12.33,-11.88,0.45,95.22
749,795947.408558944,5831045.83349804,"berlin_beffbb71",795914.454877146,5831044.37172061,"teleportedWalk",38,"f","low",-11.94666667,-11.9766666666667,0.03,32.99
787,796147.408558944,5831045.83349804,"berlin_12277680",796178.027135467,5831055.11719774,"teleportedWalk",20,"m","low",-12.24333333,-12.16,0.08,32
825,796347.408558944,5831045.83349804,"berlin_68446ca9",796353.558053016,5831049.31207519,"teleportedWalk",33,"f","medium",-12.45666667,-12.43,0.03,7.07
939,796947.408558944,5831045.83349804,"berlin_15adc446",797005.539879917,5831091.20474167,"teleportedWalk",97,"m","low",-14.04333333,-13.69,0.35,73.74
977,797147.408558944,5831045.83349804,"berlin_577062ca",797155.429233919,5831114.67960945,"teleportedWalk",1,"m","medium",-14.55666667,-14.2366666666667,0.32,69.31
1053,797547.408558944,5831045.83349804,"berlin_5adc92f3",797603.916369759,5830976.52987227,"teleportedWalk",8,"m","medium",-15.4,-15.4833333333333,0.08,89.42
1091,797747.408558944,5831045.83349804,"berlin_8b9d341d",797749.186794478,5830995.54159815,"teleportedWalk",50,"f","medium",-15.98666667,-16.17,0.18,50.32
1129,797947.408558944,5831045.83349804,"berlin_95ef18e3",797965.108622251,5830992.01866595,"teleportedWalk",91,"m","low",-16.76333333,-16.8933333333333,0.13,56.65
1167,798147.408558944,5831045.83349804,"berlin_8d719db3",798158.11834733,5831038.51394308,"teleportedWalk",29,"m","low",-17.66333333,-17.65,0.01,12.97
1205,798347.408558944,5831045.83349804,"berlin_723ca525",798251.459670711,5831028.26663485,"teleportedWalk",63,"f","high",-17.99333333,-18.4333333333333,0.44,97.54
28,792147.408558944,5831245.83349804,"berlin_21d493c4",792095.194027462,5831254.13757712,"teleportedWalk",30,"m","high",-22.50333333,-22.2566666666667,0.25,52.87
66,792347.408558944,5831245.83349804,"berlin_54336d99",792329.253811599,5831226.26663932,"teleportedWalk",20,"f","medium",-21.43333333,-21.4166666666667,0.02,26.69
408,794147.408558944,5831245.83349804,"berlin_c1508642",794135.760557743,5831281.73024496,"teleportedWalk",41,"f","high",-15.23666667,-15.0433333333333,0.19,37.74
446,794347.408558944,5831245.83349804,"berlin_ca0d3bb6",794270.89254274,5831222.30857778,"teleportedWalk",19,"m","high",-14.61666667,-14.5366666666667,0.08,80.05
484,794547.408558944,5831245.83349804,"berlin_c7a0db6b",794557.94139168,5831211.751,"teleportedWalk",1,"m","very_low",-13.90333333,-14.09,0.19,35.67
522,794747.408558944,5831245.83349804,"berlin_b38491fd",794778.091762933,5831219.71014841,"teleportedWalk",29,"f","medium",-13.52333333,-13.7066666666667,0.18,40.3
560,794947.408558944,5831245.83349804,"berlin_9f3cc419",794898.292069314,5831235.78823426,"teleportedWalk",88,"m","very_high",-13.41,-13.39,0.02,50.13
598,795147.408558944,5831245.83349804,"berlin_38b9f265",795134.878716139,5831205.51504379,"teleportedWalk",21,"f","high",-12.96,-13.15,0.19,42.22
636,795347.408558944,5831245.83349804,"berlin_ed69f4e8",795347.981188243,5831224.29673425,"teleportedWalk",21,"m","medium",-12.88,-12.99,0.11,21.54
674,795547.408558944,5831245.83349804,"berlin_e1171ca0",795584.59290634,5831216.74474989,"teleportedWalk",85,"m","low",-12.75666667,-12.9133333333333,0.16,47.21
712,795747.408558944,5831245.83349804,"berlin_0276ba83",795794.561073974,5831232.89475205,"teleportedWalk",88,"m","high",-12.86333333,-12.92,0.06,48.9
750,795947.408558944,5831245.83349804,"berlin_7b4311b8",795954.361569595,5831280.95008479,"teleportedWalk",37,"f","low",-13.19333333,-13.0066666666667,0.19,35.8
788,796147.408558944,5831245.83349804,"berlin_d8156568",796200.056027811,5831207.84481108,"teleportedWalk",42,"f","high",-13.04333333,-13.1766666666667,0.13,64.92
826,796347.408558944,5831245.83349804,"berlin_555fa9e1",796330.527941083,5831282.65292563,"teleportedWalk",28,"f","low",-13.58666667,-13.4266666666667,0.16,40.5
864,796547.408558944,5831245.83349804,"berlin_c57ebc5c",796471.411940253,5831296.91009605,"teleportedWalk",39,"f","very_low",-13.87,-13.75,0.12,91.57
902,796747.408558944,5831245.83349804,"berlin_aebe1dc3",796816.575174718,5831221.7420336,"teleportedWalk",63,"m","very_high",-14.18,-14.1433333333333,0.04,73.24
940,796947.408558944,5831245.83349804,"berlin_22867206",796929.145730556,5831233.82934535,"teleportedWalk",48,"f","medium",-14.5,-14.6,0.1,21.85
978,797147.408558944,5831245.83349804,"berlin_ef6e6f88",797150.773281412,5831224.73630246,"teleportedWalk",41,"m","low",-15.03,-15.1133333333333,0.08,21.36
1016,797347.408558944,5831245.83349804,"berlin_c7d06d1d",797319.296021466,5831282.89,"teleportedWalk",53,"f","high",-15.75666667,-15.68,0.08,46.51
1054,797547.408558944,5831245.83349804,"berlin_1df3d4e8",797550.569740238,5831323.27547904,"teleportedWalk",18,"f","low",-16.62333333,-16.2933333333333,0.33,77.51
1092,797747.408558944,5831245.83349804,"berlin_5f0ea15d",797765.370130125,5831251.1586446,"teleportedWalk",40,"f","medium",-17.03,-16.9466666666667,0.08,18.73
371,793947.408558944,5831445.83349804,"berlin_1168ad27",793973.124010472,5831440.47144522,"teleportedWalk",56,"m","very_low",-16.38,-16.4766666666667,0.1,26.27
409,794147.408558944,5831445.83349804,"berlin_3eea495f",794163.605620542,5831448.16750494,"teleportedWalk",66,"m","medium",-15.91666667,-15.9466666666667,0.03,16.36
447,794347.408558944,5831445.83349804,"berlin_9558a933",794361.382377852,5831434.50596879,"teleportedWalk",31,"f","medium",-15.38333333,-15.4666666666667,0.08,17.99
485,794547.408558944,5831445.83349804,"berlin_0cb7420c",794562.909442891,5831413.21234815,"teleportedWalk",35,"f","low",-14.86,-15.0466666666667,0.19,36.12
523,794747.408558944,5831445.83349804,"berlin_01e2ed4b",794830.3299,5831444.25713053,"teleportedWalk",88,"m","very_low",-14.55,-14.69,0.14,82.94
561,794947.408558944,5831445.83349804,"berlin_6cc4e69e",794954.334613258,5831443.97984822,"teleportedWalk",50,"f","medium",-15.59666667,-14.3966666666667,1.2,7.17
637,795347.408558944,5831445.83349804,"berlin_71c213d8",795379.892416718,5831463.88334495,"teleportedWalk",69,"m","medium",-14.1,-14.0233333333333,0.08,37.16
675,795547.408558944,5831445.83349804,"berlin_727f491b",795536.352541081,5831448.755,"teleportedWalk",40,"f","medium",-13.97,-13.9533333333333,0.02,11.44
713,795747.408558944,5831445.83349804,"berlin_1c5afe6e",795740.843481893,5831430.36991243,"teleportedWalk",51,"m","very_high",-13.87666667,-13.9566666666667,0.08,16.8
751,795947.408558944,5831445.83349804,"berlin_2546b614",795986.256296276,5831442.67582691,"teleportedWalk",51,"f","high",-14.04666667,-14.04,0.01,38.98
789,796147.408558944,5831445.83349804,"berlin_dd3f087d",796181.575364176,5831429.50177457,"teleportedWalk",77,"m","medium",-14.15,-14.1966666666667,0.05,37.87
827,796347.408558944,5831445.83349804,"berlin_a6c941fc",796363.141826692,5831424.43153549,"teleportedWalk",22,"m","low",-14.34333333,-14.43,0.09,26.56
903,796747.408558944,5831445.83349804,"berlin_9f834430",796763.1477,5831466.33000331,"teleportedWalk",30,"m","very_low",-15.22666667,-15.0966666666667,0.13,25.84
941,796947.408558944,5831445.83349804,"berlin_6149594a",796923.577483717,5831508.18102856,"teleportedWalk",4,"m","medium",-15.76333333,-15.5266666666667,0.24,66.75
979,797147.408558944,5831445.83349804,"berlin_167de591",797175.598770719,5831408.97593204,"teleportedWalk",40,"m","very_low",-15.91666667,-16.01,0.09,46.4
1017,797347.408558944,5831445.83349804,"berlin_65d8d820",797336.911674201,5831439.40008176,"teleportedWalk",76,"m","low",-16.49,-16.5466666666667,0.06,12.31
1055,797547.408558944,5831445.83349804,"berlin_c6547230",797542.0955,5831399.256,"teleportedWalk",36,"f","high",-16.91666667,-17.13,0.21,46.88
1093,797747.408558944,5831445.83349804,"berlin_d3581cc8",797710.759464128,5831412.83626704,"teleportedWalk",16,"m","high",-17.5,-17.7533333333333,0.25,49.32
296,793547.408558944,5831645.83349804,"berlin_ef17a750",793642.710859889,5831665.17143662,"teleportedWalk",29,"m","high",-18.3,-18.5033333333333,0.2,97.24
334,793747.408558944,5831645.83349804,"berlin_d408478a",793754.420222362,5831726.81366659,"teleportedWalk",3,"m","medium",-18.24666667,-17.9133333333333,0.33,81.28
372,793947.408558944,5831645.83349804,"berlin_2de5ba7a",793991.39855321,5831655.43556286,"teleportedWalk",21,"f","medium",-17.29333333,-17.3633333333333,0.07,45.03
410,794147.408558944,5831645.83349804,"berlin_3a17db79",794187.363130403,5831638.32902606,"teleportedWalk",48,"m","very_high",-16.73333333,-16.8633333333333,0.13,40.65
448,794347.408558944,5831645.83349804,"berlin_8925a544",794302.453594139,5831646.29802852,"teleportedWalk",74,"m","medium",-16.51,-16.4133333333333,0.1,44.96
486,794547.408558944,5831645.83349804,"berlin_c9f41b52",794550.75173903,5831686.235,"teleportedWalk",7,"m","high",-16.20666667,-16.0166666666667,0.19,40.54
524,794747.408558944,5831645.83349804,"berlin_7b89cb7d",794768.612797056,5831604.68441299,"teleportedWalk",29,"f","very_low",-15.44333333,-15.68,0.24,46.29
676,795547.408558944,5831645.83349804,"berlin_ab268ae0",795564.024753704,5831636.54390487,"teleportedWalk",22,"m","medium",-14.94,-14.9933333333333,0.05,19.04
714,795747.408558944,5831645.83349804,"berlin_b223c34c",795742.407437208,5831630.01349903,"teleportedWalk",50,"f","medium",-14.91333333,-14.9966666666667,0.08,16.59
752,795947.408558944,5831645.83349804,"berlin_23973ebd",795970.736855173,5831607.007122,"teleportedWalk",52,"f","low",-14.88666667,-15.0733333333333,0.19,45.3
790,796147.408558944,5831645.83349804,"berlin_8dba786b",796156.130546386,5831625.0562416,"teleportedWalk",2,"m","very_low",-15.12333333,-15.22,0.1,22.53
828,796347.408558944,5831645.83349804,"berlin_69f478b2",796338.396657088,5831624.84573738,"teleportedWalk",24,"m","medium",-15.32,-15.4366666666667,0.12,22.84
866,796547.408558944,5831645.83349804,"berlin_780e971d",796514.7724,5831657.58066696,"teleportedWalk",24,"f","low",-15.72666667,-15.72,0.01,34.69
904,796747.408558944,5831645.83349804,"berlin_2535c3b4",796728.463585979,5831679.93782488,"teleportedWalk",11,"m","medium",-16.19333333,-16.0633333333333,0.13,39.01
942,796947.408558944,5831645.83349804,"berlin_6dae107c",796952.4391,5831667.25498152,"teleportedWalk",62,"f","low",-16.58,-16.4666666666667,0.11,22
980,797147.408558944,5831645.83349804,"berlin_d46f62e8",797140.3758,5831627.11983428,"teleportedWalk",57,"f","medium",-16.82,-16.9233333333333,0.1,19.99
1018,797347.408558944,5831645.83349804,"berlin_8ada8cd0",797315.956153833,5831670.8571784,"teleportedWalk",49,"f","medium",-17.46,-17.4333333333333,0.03,40.19
1056,797547.408558944,5831645.83349804,"berlin_29542ba5",797565.943782175,5831664.48112776,"teleportedWalk",53,"m","very_high",-18.12,-17.9866666666667,0.13,26.29
1094,797747.408558944,5831645.83349804,"berlin_eee41afa",797744.726341681,5831662.11175553,"teleportedWalk",17,"m","high",-18.64,-18.58,0.06,16.5
297,793547.408558944,5831845.83349804,"berlin_65e137c0",793555.2046,5831890.00621636,"teleportedWalk",31,"f","high",-19.52333333,-19.3533333333333,0.17,44.86
335,793747.408558944,5831845.83349804,"berlin_f4a922f4",793712.603630689,5831823.7143738,"teleportedWalk",13,"m","high",-18.79,-18.79,0,41.24
373,793947.408558944,5831845.83349804,"berlin_ea8ba7a5",793879.383407751,5831855.84000552,"teleportedWalk",17,"m","very_high",-18.48666667,-18.27,0.22,68.76
411,794147.408558944,5831845.83349804,"berlin_a3bdd076",794139.588,5831848.97157205,"teleportedWalk",42,"m","medium",-17.82666667,-17.7933333333333,0.03,8.43
449,794347.408558944,5831845.83349804,"berlin_fdfe4a7c",794374.285616761,5831920.35696924,"teleportedWalk",52,"f","high",-17.67333333,-17.3666666666667,0.31,79.22
487,794547.408558944,5831845.83349804,"berlin_2f866c56",794581.143004969,5831836.94563938,"teleportedWalk",12,"m","medium",-16.89333333,-16.9933333333333,0.1,34.89
639,795347.408558944,5831845.83349804,"berlin_e13751f4",795352.963660874,5831811.54822033,"teleportedWalk",68,"m","medium",-15.91333333,-16.0933333333333,0.18,34.73
715,795747.408558944,5831845.83349804,"berlin_e935c47e",795772.266297039,5831836.14444113,"teleportedWalk",53,"f","low",-15.99,-16.0366666666667,0.05,26.68
753,795947.408558944,5831845.83349804,"berlin_4507a751",795948.337943077,5831878.5367147,"teleportedWalk",40,"f","very_high",-16.27666667,-16.1066666666667,0.17,32.72
791,796147.408558944,5831845.83349804,"berlin_d5416505",796167.771992453,5831876.21296127,"teleportedWalk",32,"f","medium",-16.42,-16.2466666666667,0.17,36.57
829,796347.408558944,5831845.83349804,"berlin_54deb075",796320.196050659,5831845.54206689,"teleportedWalk",78,"m","very_low",-16.41666667,-16.4466666666667,0.03,27.21
867,796547.408558944,5831845.83349804,"berlin_ceb9a421",796530.014846411,5831816.52288867,"teleportedWalk",56,"m","low",-16.54,-16.7133333333333,0.17,34.08
905,796747.408558944,5831845.83349804,"berlin_f33fb927",796756.28416716,5831822.10094214,"teleportedWalk",28,"f","very_low",-16.93666667,-17.0366666666667,0.1,25.34
943,796947.408558944,5831845.83349804,"berlin_b9e13408",796964.787672138,5831836.6937208,"teleportedWalk",14,"m","very_high",-17.41,-17.42,0.01,19.64
981,797147.408558944,5831845.83349804,"berlin_a18d47d6",797164.87082853,5831841.816,"teleportedWalk",12,"m","very_low",-17.87333333,-17.85,0.02,17.92
1019,797347.408558944,5831845.83349804,"berlin_c3ed4b0f",797343.018026514,5831848.62452063,"teleportedWalk",51,"f","medium",-18.33666667,-18.3333333333333,0,5.2
1057,797547.408558944,5831845.83349804,"berlin_9e12542e",797556.144829783,5831836.574,"teleportedWalk",1,"m","high",-18.84333333,-18.86,0.02,12.73
1095,797747.408558944,5831845.83349804,"berlin_ae73a070",797740.552593037,5831811.31125923,"teleportedWalk",24,"m","medium",-19.26,-19.43,0.17,35.2
298,793547.408558944,5832045.83349804,"berlin_00df5ae1",793544.356938695,5832103.57582644,"teleportedWalk",82,"m","low",-20.48666667,-20.2233333333333,0.26,57.82
336,793747.408558944,5832045.83349804,"berlin_dc065e1a",793749.5233458,5832029.104,"teleportedWalk",73,"m","medium",-19.60333333,-19.6866666666667,0.08,16.86
374,793947.408558944,5832045.83349804,"berlin_3dbfb4ff",793924.370332228,5832037.23541698,"teleportedWalk",50,"m","high",-19.20333333,-19.1866666666667,0.02,24.59
412,794147.408558944,5832045.83349804,"berlin_333a3f3e",794156.170863105,5832017.3626374,"teleportedWalk",51,"f","medium",-18.58333333,-18.7366666666667,0.15,29.79
450,794347.408558944,5832045.83349804,"berlin_d3b4f1cd",794266.268456874,5832020.04450925,"teleportedWalk",41,"f","low",-18.36666667,-18.33,0.04,85.14
564,794947.408558944,5832045.83349804,"berlin_053a08af",794923.206268403,5832078.70876847,"teleportedWalk",4,"m","medium",-17.63,-17.4366666666667,0.19,40.82
678,795547.408558944,5832045.83349804,"berlin_52c3a436",795536.396530573,5831996.8064846,"teleportedWalk",55,"f","very_high",-16.81666667,-17.07,0.25,50.25
716,795747.408558944,5832045.83349804,"berlin_ae8159b9",795681.10063268,5832109.30174637,"teleportedWalk",65,"m","very_low",-17.39666667,-17.0766666666667,0.32,91.79
754,795947.408558944,5832045.83349804,"berlin_7ffe3250",795996.500513523,5832021.01896855,"teleportedWalk",63,"f","medium",-17.04,-17.1433333333333,0.1,55.01
792,796147.408558944,5832045.83349804,"berlin_cfb20237",796147.37715372,5832065.0371294,"teleportedWalk",14,"m","medium",-17.37,-17.2733333333333,0.1,19.2
830,796347.408558944,5832045.83349804,"berlin_ef0551e0",796328.629953557,5832048.793,"teleportedWalk",7,"m","high",-17.45666667,-17.4633333333333,0.01,19.01
868,796547.408558944,5832045.83349804,"berlin_d402c54e",796543.54607612,5832050.91397177,"teleportedWalk",21,"f","medium",-17.73333333,-17.7133333333333,0.02,6.38
906,796747.408558944,5832045.83349804,"berlin_a35711e6",796776.465387175,5832036.8484245,"teleportedWalk",46,"f","medium",-18.02333333,-18.02,0,30.41
944,796947.408558944,5832045.83349804,"berlin_2ea461d8",796969.73390487,5832055.5147773,"teleportedWalk",49,"m","very_low",-18.47,-18.38,0.09,24.33
982,797147.408558944,5832045.83349804,"berlin_32a248a3",797181.506617655,5832062.34533603,"teleportedWalk",93,"m","medium",-18.94333333,-18.79,0.15,37.89
1020,797347.408558944,5832045.83349804,"berlin_beac3113",797337.624300234,5831968.9654007,"teleportedWalk",63,"f","medium",-18.87333333,-19.25,0.38,77.49
1058,797547.408558944,5832045.83349804,"berlin_382dae10",797524.864434929,5832067.41178193,"teleportedWalk",21,"f","low",-19.79,-19.7533333333333,0.04,31.21
1096,797747.408558944,5832045.83349804,"berlin_05fb121d",797783.56926104,5832055.51603337,"teleportedWalk",31,"f","medium",-20.44,-20.2966666666667,0.14,37.43
299,793547.408558944,5832245.83349804,"berlin_db4a56a7",793574.1283,5832247.4943392,"teleportedWalk",55,"f","medium",-21.04666667,-21.11,0.06,26.77
337,793747.408558944,5832245.83349804,"berlin_68d0818a",793713.83430469,5832269.328,"teleportedWalk",82,"m","high",-20.78333333,-20.5933333333333,0.19,40.98
375,793947.408558944,5832245.83349804,"berlin_bf1731b0",793911.850729438,5832316.50341789,"teleportedWalk",82,"m","medium",-20.53,-20.12,0.41,79.11
413,794147.408558944,5832245.83349804,"berlin_d0b63372",794142.807860568,5832227.2486477,"teleportedWalk",11,"m","medium",-19.60666667,-19.6866666666667,0.08,19.15
451,794347.408558944,5832245.83349804,"berlin_40020df1",794398.327374967,5832291.51254234,"teleportedWalk",44,"f","medium",-19.43666667,-19.3033333333333,0.13,68.41
489,794547.408558944,5832245.83349804,"berlin_ecec735b",794553.465792581,5832251.146,"teleportedWalk",63,"f","medium",-18.98333333,-18.9666666666667,0.02,8.06
527,794747.408558944,5832245.83349804,"berlin_edca9541",794730.743458914,5832282.299877,"teleportedWalk",22,"m","high",-18.89,-18.6833333333333,0.21,40.09
565,794947.408558944,5832245.83349804,"berlin_c92a91d2",794962.769372508,5832166.637,"teleportedWalk",8,"m","high",-18.03666667,-18.4533333333333,0.42,80.67
603,795147.408558944,5832245.83349804,"berlin_a2b005ad",795099.695926849,5832190.75040938,"teleportedWalk",17,"m","low",-18.03333333,-18.28,0.25,72.87
641,795347.408558944,5832245.83349804,"berlin_32274556",795351.233296366,5832217.51998315,"teleportedWalk",7,"m","high",-18.02,-18.1666666666667,0.15,28.57
679,795547.408558944,5832245.83349804,"berlin_558bc391",795500.559248805,5832217.12522548,"teleportedWalk",8,"m","very_low",-17.97,-18.11,0.14,54.95
717,795747.408558944,5832245.83349804,"berlin_bed1c32f",795666.635684242,5832291.80964854,"teleportedWalk",66,"m","medium",-18.34666667,-18.1133333333333,0.23,92.94
793,796147.408558944,5832245.83349804,"berlin_7db303e1",796243.466157779,5832244.17921028,"teleportedWalk",12,"m","medium",-18.37,-18.3,0.07,96.07
831,796347.408558944,5832245.83349804,"berlin_e35e993a",796310.03017717,5832319.79671421,"teleportedWalk",37,"m","medium",-18.82,-18.48,0.34,82.87
869,796547.408558944,5832245.83349804,"berlin_7f588514",796552.812969846,5832277.2960313,"teleportedWalk",14,"m","very_low",-18.88333333,-18.7166666666667,0.17,31.92
907,796747.408558944,5832245.83349804,"berlin_b9009579",796725.608410694,5832268.41233464,"teleportedWalk",30,"m","high",-19.08666667,-19.0066666666667,0.08,31.39
983,797147.408558944,5832245.83349804,"berlin_13fee2a0",797177.14804127,5832287.95426424,"teleportedWalk",17,"m","high",-20.00333333,-19.74,0.26,51.56
1021,797347.408558944,5832245.83349804,"berlin_19af773e",797331.252471307,5832281.35877744,"teleportedWalk",55,"m","low",-20.30666667,-20.1766666666667,0.13,39.03
1059,797547.408558944,5832245.83349804,"berlin_93b0f0cd",797566.1151,5832274.60692931,"teleportedWalk",14,"m","low",-20.83666667,-20.6566666666667,0.18,34.32
1097,797747.408558944,5832245.83349804,"berlin_0dde1bec",797758.677103368,5832205.63972488,"teleportedWalk",22,"f","very_low",-21.03,-21.1766666666667,0.15,41.74
1135,797947.408558944,5832245.83349804,"berlin_c7000840",797923.181296713,5832214.18393372,"teleportedWalk",50,"m","low",-21.53,-21.7366666666667,0.21,39.86
338,793747.408558944,5832445.83349804,"berlin_2c57e8c4",793719.569802245,5832424.82182387,"teleportedWalk",98,"m","medium",-21.48333333,-21.5133333333333,0.03,34.88
376,793947.408558944,5832445.83349804,"berlin_c30dbfaf",793937.470305718,5832424.813,"teleportedWalk",19,"m","low",-20.98333333,-21.06,0.08,23.25
414,794147.408558944,5832445.83349804,"berlin_0f296b48",794088.384278775,5832486.53110021,"teleportedWalk",81,"m","medium",-20.96,-20.6466666666667,0.31,71.69
452,794347.408558944,5832445.83349804,"berlin_6ee4cba0",794392.262028869,5832419.05559895,"teleportedWalk",35,"m","high",-20.07333333,-20.28,0.21,52.24
490,794547.408558944,5832445.83349804,"berlin_5e28ef9d",794555.256016257,5832446.60805909,"teleportedWalk",39,"f","very_high",-19.95333333,-19.9633333333333,0.01,7.89
528,794747.408558944,5832445.83349804,"berlin_922d59b9",794747.500132669,5832421.13741898,"teleportedWalk",58,"f","medium",-19.56666667,-19.6933333333333,0.13,24.7
566,794947.408558944,5832445.83349804,"berlin_7a3ab13c",795041.089593964,5832428.76517032,"teleportedWalk",40,"f","low",-19.30333333,-19.4766666666667,0.17,95.22
604,795147.408558944,5832445.83349804,"berlin_d302f4f7",795224.201873085,5832406.70103086,"teleportedWalk",87,"m","medium",-19.06,-19.3133333333333,0.25,86.19
642,795347.408558944,5832445.83349804,"berlin_0a73c8b6",795362.745077844,5832406.37166002,"teleportedWalk",12,"m","high",-18.99333333,-19.2033333333333,0.21,42.34
832,796347.408558944,5832445.83349804,"berlin_ec3144e7",796344.290467377,5832374.96280579,"teleportedWalk",23,"m","high",-19.13666667,-19.5,0.36,70.94
870,796547.408558944,5832445.83349804,"berlin_fd9a7d43",796571.65566297,5832382.331,"teleportedWalk",60,"f","medium",-19.43666667,-19.7233333333333,0.29,67.97
908,796747.408558944,5832445.83349804,"berlin_b76d99f6",796770.17719442,5832494.223,"teleportedWalk",15,"m","high",-20.27666667,-20,0.28,53.48
946,796947.408558944,5832445.83349804,"berlin_9737c9c9",796936.975167807,5832432.35930891,"teleportedWalk",40,"m","medium",-20.24,-20.3266666666667,0.09,17.04
984,797147.408558944,5832445.83349804,"berlin_61c42f26",797087.767829532,5832389.7108503,"teleportedWalk",64,"m","high",-20.31,-20.6966666666667,0.39,81.89
1022,797347.408558944,5832445.83349804,"berlin_e13b8e62",797342.5866,5832437.29479581,"teleportedWalk",3,"m","very_low",-21.06333333,-21.1166666666667,0.05,9.81
377,793947.408558944,5832645.83349804,"berlin_ffabb5a7",793915.354914328,5832630.76436115,"teleportedWalk",63,"f","high",-22.00333333,-22.01,0.01,35.42
909,796747.408558944,5832645.83349804,"berlin_8425aaac",796720.844726001,5832660.63766117,"teleportedWalk",42,"m","very_high",-21.03333333,-20.9966666666667,0.04,30.41
947,796947.408558944,5832645.83349804,"berlin_6eae2b24",796934.49353431,5832687.84473532,"teleportedWalk",23,"f","medium",-21.49333333,-21.3066666666667,0.19,43.95
985,797147.408558944,5832645.83349804,"berlin_5eb9155d",797122.165320059,5832604.51979944,"teleportedWalk",51,"f","very_high",-21.41666667,-21.6633333333333,0.25,48.42
1023,797347.408558944,5832645.83349804,"berlin_58959653",797370.448453717,5832706.63129334,"teleportedWalk",4,"m","medium",-22.4,-22.0633333333333,0.34,65.02
1061,797547.408558944,5832645.83349804,"berlin_e6ab7ed4",797523.572827562,5832630.60987515,"teleportedWalk",33,"f","medium",-22.37666667,-22.5033333333333,0.13,28.28
1099,797747.408558944,5832645.83349804,"berlin_c092d936",797655.860457111,5832682.93262172,"teleportedWalk",61,"m","high",-22.93,-22.98,0.05,98.78
1137,797947.408558944,5832645.83349804,"berlin_692f330a",797883.851298468,5832612.37040063,"teleportedWalk",41,"m","very_high",-23.17666667,-23.4966666666667,0.32,71.83
910,796747.408558944,5832845.83349804,"berlin_15f34e14",796736.535249372,5832806.35971518,"teleportedWalk",5,"m","high",-21.78666667,-22,0.21,40.94
948,796947.408558944,5832845.83349804,"berlin_8ec95208",796908.7741,5832858.11684023,"teleportedWalk",26,"m","low",-22.29666667,-22.2966666666667,0,40.54
986,797147.408558944,5832845.83349804,"berlin_d302b0d6",797099.61357185,5832925.42673045,"teleportedWalk",2,"m","very_high",-22.94,-22.6366666666667,0.3,92.84
1024,797347.408558944,5832845.83349804,"berlin_0be9630c",797417.14558866,5832870.17690066,"teleportedWalk",55,"f","high",-23.27666667,-23.0166666666667,0.26,73.86
1062,797547.408558944,5832845.83349804,"berlin_d7621887",797551.182291569,5832812.39112055,"teleportedWalk",34,"m","medium",-23.29,-23.44,0.15,33.65
1100,797747.408558944,5832845.83349804,"berlin_2ba60f70",797773.901249005,5832772.40607572,"teleportedWalk",22,"m","low",-23.62666667,-23.9,0.27,78.06
911,796747.408558944,5833045.83349804,"berlin_55ad335f",796705.624713479,5832974.44086731,"teleportedWalk",25,"f","medium",-22.59,-23.0033333333333,0.41,82.72
949,796947.408558944,5833045.83349804,"berlin_5d631942",796940.7445,5833051.42980545,"teleportedWalk",35,"m","very_low",-23.30666667,-23.2866666666667,0.02,8.7
987,797147.408558944,5833045.83349804,"berlin_f5f63613",797160.230123125,5833087.66197369,"teleportedWalk",32,"f","low",-23.84,-23.6133333333333,0.23,43.75
1025,797347.408558944,5833045.83349804,"berlin_bdd7d1c4",797392.716784508,5833094.10276258,"teleportedWalk",40,"f","medium",-24.3,-23.98,0.32,66.2
1063,797547.408558944,5833045.83349804,"berlin_5cb668c7",797490.688738439,5833007.96838576,"teleportedWalk",48,"f","very_high",-24.08666667,-24.3866666666667,0.3,68.2
