personId,time,mode,age,sex,economic_status,carAvail,restricted_mobility,homeX,homeY,accessibility
bb_131c2c8e,28800.0,car,46,f,very_high,always,true,765937.23,5843302.71,-13.51962762705164,
bb_018b4271,28800.0,car,30,m,medium,always,false,800985.42,5809781.66,-34.239893437367236,
bb_0b938d0c,28800.0,car,42,f,medium,always,false,812600.43,5871884.11,-25.742396227215288,
bb_04b072ea,28800.0,car,51,m,medium,always,false,800167.04,5808444.02,-34.61079541526406,
bb_148b7c41,28800.0,car,59,m,very_low,always,true,814755.74,5848774.27,-31.167415460325927,
bb_0f0ac569,28800.0,car,51,f,high,always,false,770431.24,5828365.65,-16.72563589183425,
bb_143ffbb7,28800.0,car,78,m,medium,always,true,802034.44,5814838.97,-31.084898947430197,
bb_0c567c10,28800.0,car,74,f,low,always,false,801667.35,5855600.83,-31.360704879242395,
bb_0c63877d,28800.0,car,36,f,high,always,false,815346.36,5831237.46,-40.64994462700676,
bb_0a3844eb,28800.0,car,5,m,very_low,never,false,774438.71,5818273.27,-21.82031325888614,
bb_08bd7d70,28800.0,car,59,m,very_high,always,false,739933.78,5809019.72,-33.7811932608737,
bb_117ada04,28800.0,car,51,f,medium,always,true,776481.16,5801413.33,-27.585111293284875,
bb_10129015,28800.0,car,48,f,medium,always,false,780888.22,5799329.16,-26.156197774405218,
bb_0bfbac76,28800.0,car,42,f,very_low,always,false,813312.4,5807882.52,-130.3703484650297,
bb_12698bba,28800.0,car,73,m,low,always,false,807471.96,5843833.22,-24.223350896150684,
bb_0025be67,28800.0,car,38,m,medium,always,false,786800.02,5851130.36,-18.36278914221712,
bb_1353fc6a,28800.0,car,78,f,medium,always,false,790077.1,5812534.78,-20.705043539615517,
bb_10b21560,28800.0,car,46,m,low,always,false,814589.78,5830274.09,-36.40598648061922,
bb_00d9d462,28800.0,car,9,f,high,never,false,806066.42,5840386.09,-30.463755090350062,
bb_0f080ed3,28800.0,car,45,f,medium,always,false,826749.54,5831715.61,-32.66313600987722,
bb_0cde4385,28800.0,car,42,m,low,always,false,765781.43,5847422.61,-14.722672674581027,
bb_0529f274,28800.0,car,59,m,medium,always,false,805205.05,5843543.98,-30.955407525344103,
bb_0d04345e,28800.0,car,19,m,very_low,always,false,802030.06,5853020.81,-27.760816733239427,
bb_0d4b2627,28800.0,car,2,f,very_low,never,false,795838.81,5841765.33,-22.442632503758965,
bb_08b49a6d,28800.0,car,70,m,medium,always,false,773715.28,5798817.06,-24.50184116351511,
bb_0124bdf0,28800.0,car,24,m,high,always,false,783916.52,5840368.43,-19.291796335417263,
bb_0ff810b0,28800.0,car,15,m,low,never,false,787284.24,5816057.32,-18.169847309682503,
bb_0eb9593d,28800.0,car,89,f,high,always,false,793117.46,5840045.64,-23.41627264302931,
bb_0eedffb7,28800.0,car,78,m,medium,always,true,785852.22,5814205.22,-21.437903479826733,
bb_0e38d585,28800.0,car,76,f,low,always,false,783658.85,5845951.17,-16.892957740549072,
bb_026a1c21,28800.0,car,67,m,low,always,false,762181.29,5805899.21,-27.83268093387064,
bb_02cb97be,28800.0,car,28,m,very_high,always,false,802455.9,5805972.93,-91.8456697014674,
bb_0edb6570,28800.0,car,14,m,very_high,always,false,795975.42,5840794.12,-26.04829748224255,
bb_0d20c211,28800.0,car,72,m,very_low,always,false,778589.13,5809003.58,-25.42088060823356,
bb_063583a1,28800.0,car,57,f,medium,always,true,772550.89,5815868.77,-24.168978922044758,
bb_1254ba80,28800.0,car,4,f,high,never,false,788173.21,5789255.99,-30.05402869237881,
bb_15fd06c7,28800.0,car,63,m,high,always,false,814446.12,5846310.63,-76.0038823704689,
bb_006def2b,28800.0,car,50,m,low,always,false,785958.59,5811680.76,-25.615179772566144,
bb_097a0a32,28800.0,car,63,m,very_low,always,false,830291.52,5813504.25,-37.094196934634354,
bb_13490f37,28800.0,car,74,m,low,always,false,767226.43,5811623.21,-71.06549802445845,
bb_0f3f0f92,28800.0,car,62,m,high,always,false,774369.07,5803897.93,-28.02595649053976,
bb_0b9fca18,28800.0,car,32,f,medium,always,false,775301.5,5833150.91,-19.663403087895688,
bb_0d06e41f,28800.0,car,20,m,high,always,false,770105.64,5813566.8,-20.4609847612091,
bb_02333214,28800.0,car,55,m,very_high,always,false,793357.21,5809472.66,-22.949764347735716,
bb_099141b4,28800.0,car,37,m,low,always,false,775642.71,5831041.5,-21.131869479932497,
bb_0d1b0619,28800.0,car,7,f,low,never,false,770966.01,5841080.53,-14.413951083897174,
bb_07363827,28800.0,car,53,f,high,always,false,784414.47,5839352.55,-17.350721986791513,
bb_0647bddf,28800.0,car,28,f,high,always,false,785865.54,5811716.85,-25.56043707122699,
bb_02cc675d,28800.0,car,23,f,very_low,always,false,786743.41,5812044.05,-25.57650854883168,
bb_0267b5aa,28800.0,car,75,m,low,always,true,786441.37,5801511.1,-64.80603313490668,
bb_0b077463,28800.0,car,57,f,medium,always,false,749963.64,5784084.96,-28.60843716682576,
bb_0c861f9f,28800.0,car,29,m,very_low,always,false,775452.08,5813125.56,-19.626938373211182,
bb_0f5aaa06,28800.0,car,7,m,low,never,false,822583.93,5819778.02,-33.1608973249538,
bb_06e8f4dd,28800.0,car,45,f,medium,always,false,758925.21,5836272.66,-14.079131428106175,
bb_01cdfe6e,28800.0,car,98,m,low,always,true,784210.89,5837445.57,-20.135717335298132,
bb_15826368,28800.0,car,24,f,very_low,always,false,775432.8,5813193.42,-22.34179035115362,
bb_057d8574,28800.0,car,42,f,medium,always,false,790527.3,5803142.9,-33.90736027615817,
bb_0220a496,28800.0,car,42,m,high,always,false,877896.29,5813469.98,-59.909894420551865,
bb_028a8b56,28800.0,car,38,f,low,always,false,784886.05,5853861.25,-19.378208941505733,
bb_03838863,28800.0,car,50,m,very_low,always,false,819380.63,5811512.49,-35.29085485412378,
bb_0468a76a,28800.0,car,75,f,high,always,true,815456.37,5830930.73,-37.5194813937817,
bb_03c1e815,28800.0,car,52,m,low,always,false,797879.36,5852831.34,-21.9790930818385,
bb_02cb558c,28800.0,car,40,m,very_low,always,false,766585.73,5828911.74,-16.75552440512736,
bb_07f333bc,28800.0,car,21,f,low,always,false,792836.77,5804527.18,-23.187958572047364,
bb_0599fa71,28800.0,car,6,f,medium,never,false,820018.11,5842521.03,-30.735991389697098,
bb_129c0420,28800.0,car,38,m,medium,always,false,806968.3,5843977.88,-30.185017568123218,
bb_104deaf3,28800.0,car,94,f,medium,always,false,801187.72,5852471.28,-31.123081986081463,
bb_01a3d101,28800.0,car,21,m,very_high,always,false,783697.42,5840702.17,-20.276945909275938,
bb_13fdc71e,28800.0,car,52,f,low,always,true,780123.15,5842756.33,-18.318628210053202,
bb_06812b31,28800.0,car,30,f,high,always,false,780944.97,5809731.13,-24.58425849828839,
bb_0160f6b5,28800.0,car,68,f,low,always,false,812927.6,5810580.59,-41.25589660296873,
bb_02808d2b,28800.0,car,13,f,high,never,false,814768.99,5804331.97,-42.65483231293902,
bb_0c99ce4e,28800.0,car,66,f,low,always,false,765460.05,5798638.48,-29.88473417114688,
bb_05fe26b1,28800.0,car,98,m,medium,always,true,801042.56,5810405.96,-29.298525386922208,
bb_164ee2b6,28800.0,car,30,f,medium,always,true,807638.38,5847894.06,-23.56387755321324,
bb_155a6faf,28800.0,car,62,m,medium,always,false,789000.52,5813452.62,-25.193167080735996,
bb_158c395b,28800.0,car,33,f,medium,always,false,810002.15,5851978.31,-34.73842408539427,
bb_02c6dd3c,28800.0,car,16,m,medium,never,false,815499.43,5800459.57,-42.48366545673002,
bb_0337e812,28800.0,car,3,f,high,never,false,774630.29,5804611.88,-27.72725495345016,
bb_1587b9ef,28800.0,car,58,m,low,always,true,810198.07,5834626.36,-31.696735471415412,
bb_0d62b4a1,28800.0,car,41,f,high,always,false,755964.82,5870569.3,-26.97249650097762,
bb_0e0a9e81,28800.0,car,35,f,very_low,always,false,775114.69,5814261.97,-44.403462461270045,
bb_0322de67,28800.0,car,92,f,low,always,true,780867.32,5836202.38,-19.298972815692423,
bb_00db29ac,28800.0,car,15,f,low,never,false,788297.9,5815515.32,-25.0233347456996,
bb_114d51a7,28800.0,car,32,m,medium,always,false,845716.65,5813006.48,-41.854651179347414,
bb_02d54031,28800.0,car,90,m,medium,always,true,818697.48,5823841.47,-36.96273560358454,
bb_03053cff,28800.0,car,43,m,low,always,false,783805.8,5841285.24,-18.628917055246355,
bb_0f621811,28800.0,car,59,m,very_low,always,true,819512.43,5828575.86,-39.72726474777797,
bb_09bad24f,28800.0,car,58,m,low,always,false,844540.07,5813293.05,-60.4229026770431,
bb_10a55abd,28800.0,car,48,m,low,always,false,822731.21,5820372.67,-38.004570713675406,
bb_0425bb26,28800.0,car,32,f,high,always,false,775552.96,5812963.24,-23.533220024430065,
bb_01b12e6a,28800.0,car,40,f,very_high,always,false,783206.75,5849656.0,-21.975205768669845,
bb_0b599418,28800.0,car,5,m,high,never,false,775095.22,5818657.89,-22.090417744823696,
bb_14cde362,28800.0,car,84,f,very_low,always,false,799525.81,5810628.69,-33.73049939886461,
bb_0198c1fa,28800.0,car,6,m,very_high,never,false,780255.02,5842979.51,-42.191639228004334,
bb_0e31c321,28800.0,car,11,m,medium,never,false,762429.48,5796276.42,-26.024403131190812,
bb_15b6fea1,28800.0,car,57,f,very_low,always,true,805292.65,5793929.03,-37.28091721570029,
bb_15689fa0,28800.0,car,1,m,low,never,false,784300.82,5839422.01,-23.058744025757115,
bb_159549df,28800.0,car,32,m,very_low,always,false,771486.19,5814148.25,-23.95471485260287,
bb_14c6c2de,28800.0,car,23,m,very_high,always,false,775502.26,5828367.27,-19.33133873633725,
bb_12be37aa,28800.0,car,18,m,very_low,always,true,808484.18,5845548.19,-15.105514069409313,
bb_12649366,28800.0,car,96,f,medium,always,true,802155.13,5809587.55,-35.66087302372256,
bb_075d141d,28800.0,car,23,f,medium,always,false,785811.42,5851191.04,-23.182720379949938,
bb_069f9e0f,28800.0,car,64,f,medium,always,false,796324.77,5853720.72,-29.019716032885235,
bb_14eb4ddd,28800.0,car,38,f,high,always,false,808123.02,5837435.52,-83.92917517249876,
bb_0bbaeafa,28800.0,car,52,f,high,always,false,765905.0,5833818.15,-15.276475758281022,
bb_03129ef1,28800.0,car,68,m,low,always,false,788274.81,5853314.38,-23.408420122378736,
bb_00564c86,28800.0,car,93,m,high,always,false,814783.29,5812997.37,-34.25570850911043,
bb_11fbcfb5,28800.0,car,70,f,medium,always,true,789551.81,5803870.41,-30.475556413256008,
bb_116ce986,28800.0,car,58,m,low,always,false,768103.24,5828836.8,-15.192267732896976,
bb_1649798c,28800.0,car,60,f,medium,always,false,819274.59,5746362.21,-51.12308647029856,
bb_062a6d33,28800.0,car,33,m,very_low,always,false,818967.03,5830095.79,-39.68350908004868,
bb_10aeb871,28800.0,car,12,m,very_low,never,false,816937.47,5796638.77,-45.68739518680227,
bb_103396fe,28800.0,car,16,m,high,never,false,790912.86,5797246.63,-29.451311394336553,
bb_0c3c153d,28800.0,car,38,f,very_high,always,false,800195.62,5809006.98,-34.87372753241914,
bb_154f25d5,28800.0,car,51,f,medium,always,false,818532.56,5830374.46,-36.88053344510594,
bb_0d83dcac,28800.0,car,21,f,medium,always,false,824055.73,5864675.76,-66.84711404787275,
bb_13c9298c,28800.0,car,23,m,medium,always,false,773272.07,5812438.59,-22.133882895966494,
bb_04ce00e1,28800.0,car,50,f,very_high,always,false,808530.83,5845469.61,-14.99020859702891,
bb_05e161d7,28800.0,car,19,f,very_high,always,false,786104.87,5815144.45,-24.0277381654231,
bb_08071708,28800.0,car,49,m,high,always,false,809288.2,5808239.03,-33.41372853960146,
bb_0660f3cf,28800.0,car,8,f,medium,never,false,799485.41,5807777.21,-26.449864414943413,
bb_066d276c,28800.0,car,69,m,low,always,false,791635.78,5813235.36,-27.719834271327812,
bb_0d514d08,28800.0,car,19,f,high,always,false,791752.29,5812525.97,-65.9783458568178,
bb_1474b01e,28800.0,car,52,m,high,always,false,787093.99,5814744.78,-24.551970892678,
bb_11865672,28800.0,car,36,f,high,always,false,802106.09,5814411.6,-36.08220487522492,
bb_026da54b,28800.0,car,66,f,high,always,false,773084.65,5799054.1,-102.83905939232427,
bb_1055ad03,28800.0,car,37,f,high,always,true,823667.03,5821132.49,-37.8885628788706,
bb_0de9c254,28800.0,car,6,f,very_high,never,false,819437.23,5829851.79,-41.01581858256472,
bb_07eea25c,28800.0,car,85,f,medium,always,true,807014.55,5845167.49,-32.694851144412375,
bb_1518ef47,28800.0,car,52,f,very_high,always,true,789736.09,5846210.31,-19.24109764292023,
bb_056633b9,28800.0,car,82,f,medium,always,false,769162.5,5819970.48,-17.604312595664744,
bb_0f7dc4ed,28800.0,car,18,m,medium,always,false,779567.44,5807320.96,-24.246946806975945,
bb_12be6865,28800.0,car,29,m,very_low,always,false,822045.45,5823120.79,-95.37078276731597,
bb_0a68c160,28800.0,car,39,m,low,always,false,771888.13,5815878.46,-23.483289814130554,
bb_01f055dd,28800.0,car,12,m,high,never,false,779385.5,5849347.14,-21.265008455410552,
bb_12c5c879,28800.0,car,25,m,very_low,always,false,810882.5,5845698.89,-36.13506353023795,
bb_0af310b2,28800.0,car,66,f,very_low,always,false,821799.53,5804060.22,-43.45133859291837,
bb_05e3a28a,28800.0,car,27,f,very_low,always,false,817117.58,5840613.13,-33.057384412703655,
bb_15921227,28800.0,car,52,m,very_low,always,false,801609.89,5802543.19,-37.16130698716475,
bb_1345c167,28800.0,car,58,f,high,always,false,823693.26,5815828.91,-25.918799997281358,
bb_0000e3ac,28800.0,car,47,f,high,always,false,784261.25,5840162.1,-19.747538477827597,
bb_10f03a5e,28800.0,car,51,f,high,always,false,777663.05,5812606.49,-23.586512084043093,
bb_0d744046,28800.0,car,37,m,high,always,false,778698.81,5812181.45,-23.720900683763766,
bb_0be25712,28800.0,car,6,f,high,never,false,771371.08,5813381.77,-30.229479383731213,
bb_135ee89b,28800.0,car,25,f,high,always,false,815324.33,5801217.63,-41.8603390424858,
bb_07af4e67,28800.0,car,85,f,medium,always,false,770615.54,5814550.95,-23.3760751462804,
bb_0b4ae40f,28800.0,car,63,f,medium,always,false,778144.71,5809573.96,-30.721998860778992,
bb_102a3ea1,28800.0,car,52,m,very_low,always,false,783606.64,5848227.21,-18.891758050266,
bb_12854382,28800.0,car,50,f,low,always,false,815345.19,5808732.09,-29.671909419723804,
bb_076abb87,28800.0,car,1,f,high,never,false,786910.94,5811017.37,-26.944765707217602,
bb_05ecaaf2,28800.0,car,36,f,high,always,false,780044.33,5768169.44,-37.997095035744195,
bb_0023f356,28800.0,car,3,m,medium,never,false,810983.74,5845798.16,-31.654341208207995,
bb_16186ef5,28800.0,car,45,m,high,always,false,817461.24,5799793.19,-43.180791231008406,
bb_00f68bb3,28800.0,car,10,m,high,never,false,778957.68,5820698.78,-16.482064402226033,
bb_0d7348cf,28800.0,car,55,m,high,always,false,796698.76,5851210.54,-28.12026673530775,
bb_06a2fe2f,28800.0,car,40,f,low,always,false,783142.32,5849020.68,-20.546336401938966,
bb_0e867113,28800.0,car,16,m,medium,never,false,788367.73,5804281.2,-80.05461709978913,
bb_0c3d9ee9,28800.0,car,61,f,medium,always,false,783689.98,5842046.66,-18.756199908277175,
bb_0b968952,28800.0,car,2,m,very_low,never,false,788745.99,5804529.9,-25.34124309723311,
bb_08cfe6b8,28800.0,car,74,m,high,always,false,808119.38,5842132.56,-31.246538613586814,
bb_1201ba4d,28800.0,car,3,m,very_high,never,false,813919.73,5844902.23,-29.778870386259396,
bb_10d34984,28800.0,car,39,f,medium,always,false,775975.72,5813498.68,-26.98502028237432,
bb_0dfceeff,28800.0,car,57,m,very_low,always,true,800051.26,5795041.74,-31.745308786844795,
bb_03957ebb,28800.0,car,63,m,very_low,always,true,785910.95,5812356.92,-32.39647530888944,
bb_148d56d3,28800.0,car,7,f,very_high,never,false,791563.06,5843250.45,-23.437944914215073,
bb_10bb6cd9,28800.0,car,60,m,low,always,false,791522.24,5812541.94,-28.08371753879553,
bb_0e3d5f0d,28800.0,car,49,m,medium,always,false,783835.93,5839484.07,-18.055289561064136,
bb_0682ac82,28800.0,car,55,f,medium,always,false,777333.24,5830404.02,-14.462346670745559,
bb_0b7b83c4,28800.0,car,42,f,medium,always,false,816157.17,5827136.53,-31.18237888730092,
bb_04ef30e2,28800.0,car,98,f,high,always,true,786246.73,5850963.04,-24.653448556015967,
bb_1281e1e9,28800.0,car,33,f,medium,always,false,806698.07,5843819.3,-27.842897852237037,
bb_071e1b79,28800.0,car,8,f,medium,never,false,777266.08,5812820.97,-23.271483142155017,
bb_14dc0437,28800.0,car,52,m,very_low,always,true,813165.86,5810498.63,-39.10110632649469,
bb_094af1ad,28800.0,car,44,m,medium,always,false,800594.54,5810414.8,-30.20150316882729,
bb_00ae33ec,28800.0,car,45,m,very_high,always,false,777085.25,5832007.55,-18.489958612139258,
bb_164756ad,28800.0,car,73,f,medium,always,true,789132.66,5848711.0,-24.25395454674047,
bb_014a8414,28800.0,car,11,m,medium,never,false,818659.67,5829458.81,-38.80976043888075,
bb_0c6b6534,28800.0,car,10,f,low,never,false,775747.78,5814449.43,-49.2296458962376,
bb_100b7d0d,28800.0,car,65,f,medium,always,false,787575.11,5857293.37,-26.052448488185497,
bb_09a1e6d4,28800.0,car,71,m,medium,always,false,731869.84,5812937.83,-28.3186972243004,
bb_0706ec74,28800.0,car,45,f,low,always,false,769862.02,5834334.78,-16.48489985531054,
bb_016ef8b4,28800.0,car,73,f,medium,always,false,814727.95,5807115.19,-30.491092317889027,
bb_00dcc567,28800.0,car,5,f,low,never,false,773679.06,5812095.16,-48.68401963129516,
bb_10944959,28800.0,car,87,f,medium,always,true,801507.29,5855623.87,-29.19390094134778,
bb_11a85043,28800.0,car,58,f,medium,always,false,819214.01,5864567.07,-29.91647243292067,
bb_0eeb9b8e,28800.0,car,17,m,medium,never,false,796904.89,5850348.1,-22.447597712749648,
bb_073afe95,28800.0,car,30,f,medium,always,false,779576.6,5793292.38,-28.545925320936174,
bb_0122bb55,28800.0,car,8,m,medium,never,false,809580.42,5799931.03,-45.74269732531178,
bb_0d86f259,28800.0,car,14,m,medium,never,false,775752.08,5830310.54,-17.999304663019632,
bb_147cea56,28800.0,car,37,m,low,always,false,822061.95,5829452.77,-41.42245437651964,
bb_0df4be58,28800.0,car,36,f,high,always,false,812938.77,5834802.67,-25.55235043497172,
bb_0e8d7773,28800.0,car,50,f,very_high,always,false,788599.96,5848905.86,-22.226604423816077,
bb_0d8a62ba,28800.0,car,73,f,low,always,false,816463.51,5798000.51,-46.07833812093262,
bb_08aa252a,28800.0,car,77,m,low,always,true,783516.2,5842040.13,-14.839843386307379,
bb_13f9cbf3,28800.0,car,37,f,high,always,false,820692.2,5806262.84,-44.90459986479834,
bb_14a15603,28800.0,car,35,m,very_low,always,false,760767.62,5808449.93,-23.700396144728366,
bb_0422544e,28800.0,car,27,f,medium,always,false,791775.35,5812496.55,-66.03401457480317,
bb_00d3f7b2,28800.0,car,80,m,medium,always,false,788252.54,5814952.0,-24.695483365775004,
bb_13674bff,28800.0,car,42,f,medium,always,false,766433.62,5816482.83,-17.728659034162188,
bb_0a1335b7,28800.0,car,43,m,high,always,false,815601.84,5803852.88,-42.112176184464474,
bb_01c74a75,28800.0,car,60,m,high,always,false,789164.84,5844145.56,-23.241853472781884,
bb_00cd4420,28800.0,car,71,f,medium,always,false,800144.4,5805944.43,-34.431685049141436,
bb_087ed5f8,28800.0,car,43,m,very_low,always,false,772621.92,5817297.77,-22.258188349030977,
bb_1560a478,28800.0,car,1,f,medium,never,false,774139.76,5812375.87,-26.031126312018415,
bb_0f8b5648,28800.0,car,61,m,very_low,always,true,788717.11,5844960.69,-23.28190523622044,
bb_167902de,28800.0,car,57,m,medium,always,true,780988.17,5811208.29,-26.165863976752483,
bb_0af245c0,28800.0,car,60,m,high,always,false,785634.84,5779144.82,-59.853272472772446,
bb_164ca876,28800.0,car,13,f,very_high,never,false,778625.01,5831030.07,-19.774503148342998,
bb_096744b9,28800.0,car,67,f,high,always,false,776656.12,5811814.77,-24.024426959600554,
bb_04aa6d0d,28800.0,car,24,m,medium,always,false,805639.64,5845147.76,-31.304331059747728,
bb_0032653a,28800.0,car,50,f,high,always,false,771256.58,5815706.43,-18.62495592845441,
bb_122b035a,28800.0,car,12,f,high,never,false,811263.28,5810722.18,-30.463746079170292,
bb_12332b97,28800.0,car,40,m,high,always,false,774995.25,5828755.72,-23.77348577557072,
bb_0f014ee8,28800.0,car,8,m,high,never,false,789277.47,5843464.28,-22.240197371647266,
bb_0b3174e4,28800.0,car,35,m,medium,always,false,754113.95,5804826.1,-24.010558736245372,
bb_16637676,28800.0,car,5,f,medium,never,false,783991.79,5805993.7,-32.75816788320001,
bb_148fde24,28800.0,car,10,m,medium,never,false,791895.65,5815225.22,-17.580895013119296,
bb_14e19252,28800.0,car,93,f,medium,always,false,814276.54,5808074.88,-90.95610665085383,
bb_0e377534,28800.0,car,55,f,medium,always,false,845553.05,5883680.0,-54.83676403648906,
bb_0ab6a8d9,28800.0,car,77,f,low,always,true,774940.09,5849597.85,-15.018233170402965,
bb_0062d33f,28800.0,car,60,m,low,always,false,814670.3,5810389.87,-40.28205680467162,
bb_011769b2,28800.0,car,54,f,very_low,always,false,776737.06,5832921.3,-18.53968047795476,
bb_169bfb54,28800.0,car,56,f,very_high,always,false,775377.68,5811436.08,-49.58071975531722,
bb_0a193e2a,28800.0,car,99,m,medium,always,true,815344.21,5809253.37,-40.698850978116795,
bb_038eb43d,28800.0,car,50,m,high,always,false,767975.48,5802382.52,-33.90991478815558,
bb_051b85ee,28800.0,car,9,m,low,never,false,786865.97,5815444.76,-17.5583739278886,
bb_051021d1,28800.0,car,58,m,very_low,always,true,770581.35,5828923.12,-17.099558642298874,
bb_0dab1387,28800.0,car,32,m,medium,always,false,786119.17,5814283.93,-16.775279375291934,
bb_11ba8fb3,28800.0,car,28,f,medium,always,false,805177.12,5839724.46,-30.255547140286218,
bb_0f6279d9,28800.0,car,53,m,medium,always,false,777843.31,5814955.47,-59.213586989469505,
bb_1416f2f2,28800.0,car,66,m,medium,always,false,777343.2,5811179.63,-24.632388380533293,
bb_12aba643,28800.0,car,48,m,very_low,always,false,734236.8,5821422.7,-24.619185170833003,
bb_113c6b47,28800.0,car,13,f,very_low,always,false,783480.6,5855278.96,-22.343016009431942,
bb_0da84a1b,28800.0,car,52,f,high,always,false,774901.65,5803500.38,-25.91908869585187,
bb_0167b889,28800.0,car,3,m,very_high,never,false,813957.2,5812845.04,-32.54006590105452,
bb_02434f4d,28800.0,car,19,f,medium,always,true,777515.94,5831452.83,-22.96223321290384,
bb_15234ce9,28800.0,car,49,f,very_high,always,false,761309.29,5796846.49,-25.32794125175609,
bb_15fa4b89,28800.0,car,32,f,high,always,false,774535.97,5814805.26,-22.760933521002393,
bb_00255009,28800.0,car,5,m,high,never,false,775287.13,5830578.13,-17.82940160051679,
bb_136c8642,28800.0,car,56,m,very_low,always,false,817723.38,5832539.62,-26.197441868008156,
bb_0ff3b155,28800.0,car,20,m,high,always,false,801402.09,5808216.31,-26.46615025919649,
bb_0969f82e,28800.0,car,14,f,medium,never,false,770347.49,5813394.39,-20.04874994631622,
bb_0448433c,28800.0,car,59,m,medium,always,false,787720.7,5814876.04,-25.086995316926753,
bb_030ee344,28800.0,car,54,f,high,always,false,769355.22,5849414.75,-14.140272964081223,
bb_081b63a4,28800.0,car,61,f,medium,always,true,775732.49,5813081.13,-22.16567859022821,
bb_124ffa53,28800.0,car,1,f,medium,never,false,792971.87,5805819.48,-25.304938603399847,
bb_0c7e3adc,28800.0,car,72,f,very_low,always,false,785922.58,5850815.4,-21.44607421996075,
bb_021df9c7,28800.0,car,19,f,medium,always,true,817551.71,5788395.02,-34.10793736990655,
bb_07a92780,28800.0,car,4,m,very_low,never,false,785304.89,5854941.6,-24.10294296745952,
bb_0ba8204d,28800.0,car,33,m,high,always,true,780253.9,5848802.28,-20.83887386664261,
bb_0aa923da,28800.0,car,60,m,very_low,always,true,777006.17,5840072.55,-16.110618935910804,
bb_06fe0950,28800.0,car,74,f,very_low,always,false,793533.32,5810827.87,-28.737352031295657,
bb_0d82a722,28800.0,car,20,m,high,always,false,827171.6,5818212.47,-29.997781863740347,
bb_1045cc47,28800.0,car,66,f,high,always,false,789808.77,5803181.07,-29.714888616362686,
bb_01e7cd45,28800.0,car,27,m,high,always,false,790146.88,5802740.52,-24.949895387842844,
bb_071f4524,28800.0,car,28,m,high,always,false,802371.19,5806257.94,-37.914961282883645,
bb_04cd0d39,28800.0,car,2,m,high,never,false,831889.92,5822843.38,-27.67838700224024,
bb_13286e36,28800.0,car,12,m,very_low,never,false,805317.51,5792475.86,-32.47830195863819,
bb_0c783bca,28800.0,car,58,f,medium,always,false,796871.11,5787454.93,-30.99209296058065,
bb_0526a427,28800.0,car,28,m,medium,always,false,877215.64,5812238.18,-85.45434478343371,
bb_13afe690,28800.0,car,40,m,very_low,always,false,807456.72,5847729.09,-34.26796056755949,
bb_07c48486,28800.0,car,52,f,medium,always,true,789089.79,5843831.97,-22.43708816598364,
bb_138726e5,28800.0,car,57,f,medium,always,false,777674.01,5830840.76,-18.83970571291902,
bb_0ea0d8a3,28800.0,car,67,f,low,always,false,778490.86,5810769.64,-31.9247845756884,
bb_0ab02506,28800.0,car,9,f,high,never,false,777013.11,5814420.73,-23.432680685193855,
bb_11f28e95,28800.0,car,55,f,medium,always,true,774971.03,5803796.22,-27.88905707840727,
bb_0ad86771,28800.0,car,36,m,medium,always,false,777229.78,5812769.13,-23.26716661047167,
bb_074ca449,28800.0,car,95,m,high,always,true,786442.0,5815282.55,-18.656435809116367,
bb_11a3054c,28800.0,car,5,f,medium,never,false,783871.99,5840958.78,-19.671185626264688,
bb_0c69ebf4,28800.0,car,2,m,high,never,false,812699.19,5808977.57,-39.0747130414601,
bb_0b50610b,28800.0,car,1,m,medium,never,false,811343.3,5794634.26,-29.368694487233835,
bb_0bbedfbc,28800.0,car,28,f,very_low,always,false,781495.38,5852379.29,-21.046706147260053,
bb_154793a9,28800.0,car,70,m,high,always,false,770508.85,5833650.06,-17.027776177962775,
bb_11e5e398,28800.0,car,18,f,very_low,always,true,775533.41,5828684.85,-19.421666224003353,
bb_0916689a,28800.0,car,27,m,high,always,false,829519.02,5828882.72,-29.86247474998303,
bb_159a3ea7,28800.0,car,48,m,low,always,false,801586.43,5803665.39,-37.37299069231871,
bb_0b54c71c,28800.0,car,41,m,very_low,always,false,776220.76,5813227.42,-21.11453096595215,
bb_129c5b4e,28800.0,car,37,f,high,always,false,807887.64,5837693.34,-42.91557426684414,
bb_060eca68,28800.0,car,27,f,very_low,always,false,793384.96,5854213.49,-20.43492847729061,
bb_0d093fe4,28800.0,car,86,f,very_low,always,true,768673.55,5816562.25,-22.946874558684804,
bb_06f89177,28800.0,car,17,m,medium,never,false,788573.92,5793790.16,-36.260919052852316,
bb_128c9e93,28800.0,car,80,m,medium,always,true,772698.87,5813973.52,-24.139609427814143,
bb_15efceb1,28800.0,car,82,f,very_low,always,true,771635.24,5853459.96,-19.436195822132007,
bb_0fc578ab,28800.0,car,92,m,medium,always,true,783643.94,5814153.12,-22.728900042829117,
bb_0373bc6f,28800.0,car,51,f,medium,always,false,775341.77,5817524.52,-19.075366638534764,
bb_0ed3a24d,28800.0,car,51,f,very_low,always,false,778531.77,5809227.19,-25.673747465829123,
bb_006aaf2a,28800.0,car,48,m,high,always,false,780478.17,5831425.95,-18.059042746345575,
bb_0dd5ab0c,28800.0,car,57,f,very_low,always,true,819735.63,5832399.22,-38.27542144624948,
bb_1469e2d9,28800.0,car,57,f,high,always,false,809674.19,5846091.2,-24.853085119066744,
bb_0ead5963,28800.0,car,63,m,high,always,false,793262.04,5809532.03,-32.02892858682938,
bb_0a842ebb,28800.0,car,10,m,very_high,never,false,792654.85,5814820.25,-26.093436539183095,
bb_084ae1b4,28800.0,car,9,m,very_low,never,false,775915.91,5832679.41,-17.96158937106057,
bb_02feae76,28800.0,car,51,f,high,always,false,776034.31,5813811.34,-22.738919067861303,
bb_0e870e35,28800.0,car,17,m,high,never,false,773393.0,5814978.52,-26.490443419049164,
bb_0ae23e34,28800.0,car,6,m,very_low,never,false,802813.6,5802162.54,-35.60679237103315,
bb_08a42cd3,28800.0,car,31,f,medium,always,false,801508.86,5802584.05,-37.886534039968616,
bb_13d6468d,28800.0,car,73,m,medium,always,false,781642.64,5846163.03,-17.958163228290317,
bb_14f41b94,28800.0,car,40,m,medium,always,false,886390.11,5791643.83,-60.27891482744195,
bb_13d08feb,28800.0,car,60,m,high,always,false,799604.67,5781597.29,-35.26517123366301,
bb_10050c5a,28800.0,car,31,m,high,always,false,778607.34,5810791.91,-24.278099452481648,
bb_0e72cecf,28800.0,car,39,f,medium,always,false,778181.46,5809477.47,-25.63230445283181,
bb_12d038bc,28800.0,car,87,m,low,always,false,779983.08,5812309.29,-24.510231341145857,
bb_13a259b3,28800.0,car,98,f,low,always,false,799122.52,5798012.84,-90.58541853396619,
bb_0db16c04,28800.0,car,58,m,high,always,true,774630.09,5812569.75,-23.62475019744722,
bb_05bda6e5,28800.0,car,75,m,high,always,false,799663.47,5807430.16,-78.05536566013292,
bb_163b904a,28800.0,car,29,f,very_low,always,false,770657.62,5828578.46,-14.789096925936828,
bb_1261d57c,28800.0,car,27,f,very_low,always,false,767486.48,5809833.65,-32.85449041999871,
bb_0ac3ce8d,28800.0,car,19,m,medium,always,false,826439.1,5818209.54,-38.94354299154749,
bb_0db1995a,28800.0,car,90,f,medium,always,false,806510.2,5842473.78,-29.545247346885603,
bb_0c79e10b,28800.0,car,36,f,medium,always,false,806100.67,5844063.71,-31.37438841778844,
bb_07b87acc,28800.0,car,9,m,low,never,false,778039.42,5798868.32,-24.15113433091313,
bb_1187db43,28800.0,car,35,f,very_high,always,false,776882.15,5820139.03,-20.44098657956667,
bb_104f9a0a,28800.0,car,18,f,medium,always,false,814821.06,5800399.42,-43.30222533811364,
bb_14c0861d,28800.0,car,76,f,low,always,false,788727.82,5803975.39,-31.50139036006688,
bb_041561d1,28800.0,car,74,f,medium,always,false,824939.62,5829116.4,-36.521299053094125,
bb_11e94656,28800.0,car,64,m,high,always,false,775881.95,5830277.04,-54.33333229432877,
bb_0f5f4490,28800.0,car,46,f,high,always,false,817217.09,5808689.53,-56.805776485068904,
bb_08616e57,28800.0,car,57,m,very_high,always,false,840991.86,5802001.04,-49.38269440121506,
bb_0399932b,28800.0,car,54,f,high,always,false,809759.17,5845899.68,-34.34901451524018,
bb_088000fa,28800.0,car,7,m,very_low,never,false,770431.71,5795597.48,-28.94318142463204,
bb_1246b20b,28800.0,car,55,m,very_low,always,false,805724.5,5842972.61,-30.638731231016607,
bb_08e05ca9,28800.0,car,59,f,low,always,false,819944.3,5812610.01,-43.312758239331046,
bb_110dd4b0,28800.0,car,38,m,medium,always,false,819166.27,5822496.67,-55.199759098960286,
bb_085b8043,28800.0,car,72,m,low,always,false,773663.57,5811626.84,-52.859013718557215,
bb_01d0bb84,28800.0,car,7,f,medium,never,false,792259.02,5840416.36,-23.1150360745416,
bb_0f2b6b2f,28800.0,car,58,f,low,always,true,812953.88,5810699.09,-28.694738633288317,
bb_03c41d9e,28800.0,car,39,m,medium,always,false,805951.36,5842616.82,-32.380843285956544,
bb_0f927a26,28800.0,car,99,m,medium,always,false,726606.89,5832231.53,-31.4186668095016,
bb_032c6fa5,28800.0,car,53,m,high,always,false,786445.29,5801499.36,-64.79787961235769,
bb_04c26f30,28800.0,car,44,m,very_high,always,false,824961.33,5830595.37,-33.33351019949961,
bb_14b66f4a,28800.0,car,44,m,medium,always,false,809013.79,5846533.29,-32.97103073921642,
bb_0a24536f,28800.0,car,52,m,low,always,false,775312.45,5813843.35,-23.668681566310845,
bb_0fb70e43,28800.0,car,39,m,very_high,always,false,830238.49,5866199.73,-38.510672670202936,
bb_03c771f8,28800.0,car,39,f,medium,always,false,817151.98,5825745.43,-28.220322250332412,
bb_05c5e085,28800.0,car,32,m,very_high,always,false,823948.48,5829742.63,-42.417340903982556,
bb_01e8e15b,28800.0,car,14,m,high,never,false,808538.53,5838068.41,-32.36374912564378,
bb_15c48695,28800.0,car,15,m,medium,never,false,774687.69,5812869.81,-24.405830057235587,
bb_0b292730,28800.0,car,72,m,medium,always,false,800392.87,5808709.83,-35.856153969929785,
bb_1223c097,28800.0,car,56,f,very_high,always,false,779226.18,5767212.65,-37.022363129050916,
bb_13bf4daa,28800.0,car,24,m,very_low,always,false,792186.47,5815295.38,-25.46160091011997,
bb_04be4f38,28800.0,car,35,m,high,always,false,806337.18,5843543.65,-31.38985362705295,
bb_0d6c23ef,28800.0,car,11,f,medium,never,false,789756.96,5803714.07,-34.9474078811421,
bb_06e195a1,28800.0,car,35,f,medium,always,false,878089.46,5791007.62,-61.32658593190618,
bb_06bd7896,28800.0,car,38,f,high,always,false,824346.74,5831079.07,-42.803597169155374,
bb_02aee4d2,28800.0,car,28,f,medium,always,false,810371.64,5852016.39,-33.96063580896032,
bb_0e3e599d,28800.0,car,67,f,medium,always,false,828973.05,5810574.26,-35.50168982184363,
bb_066a29cc,28800.0,car,69,m,medium,always,false,823464.76,5829943.5,-29.77026756850736,
bb_082411ff,28800.0,car,12,m,low,never,false,808181.28,5808389.9,-34.47752207145625,
bb_133db018,28800.0,car,49,f,very_high,always,false,771116.29,5814012.82,-22.71744862682051,
bb_0f265742,28800.0,car,25,m,medium,always,false,688732.21,5887311.32,-49.48854402776441,
bb_0ee47ad0,28800.0,car,0,m,medium,never,false,789078.26,5803611.9,-25.34836364802147,
bb_02dd221d,28800.0,car,52,f,very_high,always,false,770501.79,5832733.53,-16.913164678185986,
bb_1061fb67,28800.0,car,33,m,very_low,always,false,807957.37,5854980.47,-25.11544895303517,
bb_0567f69e,28800.0,car,49,m,high,always,false,820330.19,5805999.11,-44.65086185796753,
bb_0709c2b1,28800.0,car,60,f,very_low,always,false,798780.64,5798303.53,-29.253991741910426,
bb_14ed8970,28800.0,car,12,m,low,never,false,814134.57,5808762.1,-40.09302460905075,
bb_097c9f12,28800.0,car,50,f,low,always,false,804584.83,5800589.43,-100.13815765849989,
bb_05bc911e,28800.0,car,7,f,medium,never,false,820358.53,5828871.86,-30.029633787017474,
bb_15d885e6,28800.0,car,45,f,high,always,true,771408.05,5828447.83,-32.787387580296055,
bb_04f61313,28800.0,car,65,f,very_low,always,false,822291.53,5829792.29,-41.37808584471707,
bb_047cc91b,28800.0,car,42,m,medium,always,false,779216.42,5814422.99,-22.211472598977217,
bb_0598c0d0,28800.0,car,82,m,low,always,false,778863.38,5812949.74,-24.121933161887124,
bb_107290a5,28800.0,car,56,m,medium,always,false,815403.41,5797171.55,-43.0506337597723,
bb_153b8286,28800.0,car,45,m,very_high,always,false,792592.67,5844510.44,-24.89701933611903,
bb_0b4b0136,28800.0,car,2,m,very_high,never,false,815367.79,5831184.08,-26.796454960431273,
bb_16982e45,28800.0,car,43,m,high,always,false,820779.81,5806666.43,-36.6539936797094,
bb_0ff4c793,28800.0,car,10,m,low,never,false,786482.46,5852396.54,-19.193961981238786,
bb_0b609483,28800.0,car,5,m,medium,never,false,784655.58,5840731.64,-19.824082132378177,
bb_0bcd43b1,28800.0,car,21,f,very_low,always,false,783756.44,5841299.55,-20.194685943226837,
bb_0a6c7660,28800.0,car,13,m,medium,never,false,771101.59,5828350.73,-45.85919313552762,
bb_033fbda0,28800.0,car,43,m,medium,always,false,784100.73,5841529.98,-61.45107447795169,
bb_05620efa,28800.0,car,34,m,very_low,always,false,785351.2,5854864.59,-23.79871232966834,
bb_0a5a8616,28800.0,car,35,f,very_high,always,false,803134.68,5797171.98,-43.317716836062694,
bb_0919a89b,28800.0,car,47,m,very_high,always,false,780824.09,5804725.92,-25.608216489089646,
bb_0f442975,28800.0,car,46,f,medium,always,false,793309.74,5839542.36,-23.634075951032447,
bb_0f28bcab,28800.0,car,72,m,high,always,true,822710.11,5819953.49,-32.35292596185238,
bb_06222a45,28800.0,car,70,m,medium,always,false,822384.94,5821648.83,-37.693992239356575,
bb_0ea83894,28800.0,car,42,m,medium,always,false,783467.3,5849702.38,-21.168572444445196,
bb_102a7909,28800.0,car,22,f,very_low,always,false,779286.93,5814126.43,-24.40015813662173,
bb_14f22915,28800.0,car,31,f,high,always,false,770570.6,5821661.23,-22.138197206207032,
bb_0434d591,28800.0,car,19,f,very_low,always,false,774593.64,5815241.17,-22.557024237898524,
bb_12fe8fc1,28800.0,car,7,m,high,never,false,788788.66,5804751.49,-30.83980858059246,
bb_14a62da5,28800.0,car,39,m,very_high,always,false,778785.7,5820066.2,-19.976520489428374,
bb_0c777ea9,28800.0,car,64,m,low,always,false,812081.44,5842377.39,-29.017759115567898,
bb_01744633,28800.0,car,41,m,high,always,false,776470.57,5815858.47,-23.815516432613272,
bb_0b8b6846,28800.0,car,13,m,high,never,false,776000.24,5829875.21,-18.843299910207232,
bb_0c7aebc6,28800.0,car,20,f,medium,always,false,792134.84,5844463.38,-25.262193031707056,
bb_03320d08,28800.0,car,13,f,high,never,false,779781.52,5841601.41,-16.465222076885322,
bb_127c49eb,28800.0,car,48,m,high,always,false,806726.78,5846249.05,-22.2118318600172,
bb_114cebfa,28800.0,car,52,m,high,always,false,798423.38,5810625.58,-75.41932709652801,
bb_140fb5ff,28800.0,car,53,f,medium,always,false,778555.53,5796228.92,-29.83957420196282,
bb_039dd6f3,28800.0,car,35,m,very_low,always,false,768329.22,5810825.07,-30.893950891031544,
bb_09439ee1,28800.0,car,46,f,medium,always,true,822202.54,5830161.18,-41.21568042929297,
bb_02a232e7,28800.0,car,7,m,medium,never,false,785902.73,5855895.48,-24.65860794985408,
bb_0d9d80ce,28800.0,car,18,f,medium,always,false,780932.06,5809778.49,-24.606880538127047,
bb_150eb892,28800.0,car,80,m,low,always,false,765552.1,5816638.9,-23.933255937707344,
bb_064ff19c,28800.0,car,30,m,low,always,false,780055.68,5807746.46,-18.6749135952743,
bb_0a96244d,28800.0,car,23,f,medium,always,false,771075.37,5833822.89,-20.648088177291648,
bb_0932f897,28800.0,car,52,m,medium,always,false,783213.13,5849596.14,-19.994103593747766,
bb_0e96665c,28800.0,car,6,f,high,never,false,773609.17,5811763.92,-20.797657815902113,
bb_0bed9de8,28800.0,car,51,f,very_low,always,false,783658.79,5840368.89,-19.570751197136353,
bb_0ad43b52,28800.0,car,48,m,low,always,false,870072.29,5803596.84,-51.04057028675089,
bb_005be4e9,28800.0,car,0,f,high,never,false,773125.94,5807128.39,-26.894778476494285,
bb_0b5cb51d,28800.0,car,16,m,very_low,never,false,776361.06,5814963.71,-23.78301099572665,
bb_0783578d,28800.0,car,66,f,medium,always,false,800119.0,5810458.67,-33.0888201582629,
bb_1694effe,28800.0,car,32,f,very_low,always,false,822637.96,5819167.41,-30.56807092062351,
bb_04f46fcd,28800.0,car,14,m,very_low,never,false,805495.5,5843136.86,-27.764246603598675,
bb_0fc60ad9,28800.0,car,42,m,very_low,always,false,793243.82,5839952.14,-18.39413098675957,
bb_003841e5,28800.0,car,33,m,high,always,false,776288.4,5815804.87,-24.383800971322536,
bb_034cd4da,28800.0,car,24,f,medium,always,false,775344.22,5813756.66,-23.463788639638487,
bb_04ffdcb4,28800.0,car,4,f,medium,never,false,758730.49,5817584.37,-24.043425305702222,
bb_0ae7caf2,28800.0,car,36,m,very_low,always,false,800646.04,5853503.19,-32.0923217273565,
bb_0a13684d,28800.0,car,2,m,low,never,false,816001.81,5795536.26,-46.450026157424126,
bb_157e3645,28800.0,car,6,f,high,never,false,822406.59,5823095.77,-98.31122882883643,
bb_070f962e,28800.0,car,62,f,medium,always,false,788045.22,5815014.54,-27.047653142176614,
bb_01bd1cac,28800.0,car,17,f,high,never,false,791643.04,5813122.4,-28.74888585520965,
bb_0c4fde39,28800.0,car,52,f,very_low,always,true,766982.51,5829142.84,-16.991070401836318,
bb_0e757e1b,28800.0,car,87,m,medium,always,false,770909.8,5832719.9,-16.994819882438474,
bb_061ec7b5,28800.0,car,35,m,high,always,false,844641.01,5812925.95,-56.98160224654723,
bb_0a5b5865,28800.0,car,57,f,medium,always,true,786610.58,5813287.36,-19.717239913318952,
bb_042fb14b,28800.0,car,72,f,medium,always,false,795350.13,5840334.62,-58.735159335153114,
bb_12c0f434,28800.0,car,97,f,very_high,always,true,796040.64,5850760.98,-27.021315510950707,
bb_0a1d0324,28800.0,car,22,f,medium,always,true,799081.61,5854904.51,-30.844698553246864,
bb_11b10b05,28800.0,car,51,m,high,always,false,815959.02,5800333.42,-43.66537578348144,
bb_0270f9fc,28800.0,car,38,f,low,always,false,800428.12,5810846.93,-35.04284638488821,
bb_0173f232,28800.0,car,62,m,medium,always,false,773552.25,5803259.87,-25.677865974195782,
bb_169634c1,28800.0,car,22,m,very_low,always,false,820636.55,5822540.9,-37.566084046226386,
bb_0037f5cb,28800.0,car,35,m,medium,always,false,796565.4,5855190.71,-22.93166883808336,
bb_0b460253,28800.0,car,27,f,low,always,false,795660.11,5842073.58,-25.518853573626835,
bb_05929d98,28800.0,car,35,f,medium,always,false,828556.79,5828223.06,-25.29408929655494,
bb_02cf8f3e,28800.0,car,65,f,medium,always,false,811409.27,5841249.56,-33.895176964574816,
bb_0b7cc36f,28800.0,car,32,f,medium,always,false,818944.54,5864121.73,-31.63555527097013,
bb_0a64443e,28800.0,car,58,m,very_low,always,false,822626.49,5820319.17,-39.00703723305202,
bb_06e54cac,28800.0,car,94,m,medium,always,true,817822.54,5804612.44,-43.053487587278426,
bb_03970d75,28800.0,car,60,m,very_low,always,true,784172.79,5839951.18,-24.876318606140593,
bb_028cef31,28800.0,car,96,f,medium,always,true,765635.45,5809036.43,-22.301171779493863,
bb_14640340,28800.0,car,32,f,very_low,always,false,770795.35,5790675.01,-25.995840744952716,
bb_0b690dd8,28800.0,car,64,m,medium,always,false,823276.6,5863992.07,-39.144687974742126,
bb_000eb23e,28800.0,car,63,f,low,always,false,770080.99,5841041.52,-15.001458707856168,
bb_0e07f594,28800.0,car,49,f,medium,always,false,795285.11,5854121.11,-19.617566790055506,
bb_06e4a4f4,28800.0,car,40,m,very_high,always,false,779534.59,5812113.53,-24.403009294549264,
bb_0e8e552a,28800.0,car,53,f,low,always,false,805334.88,5842714.45,-30.54926514757276,
bb_03eaaaa1,28800.0,car,67,f,very_low,always,false,771172.62,5814036.19,-23.97547954934152,
bb_0e1ad187,28800.0,car,88,f,medium,always,true,807807.28,5843996.85,-23.49656775463403,
bb_0763b048,28800.0,car,10,f,very_low,never,false,799701.77,5807637.99,-77.84585644156108,
bb_0e39765b,28800.0,car,32,m,medium,always,false,819752.38,5811988.03,-30.011821046542025,
bb_0b3423ce,28800.0,car,31,f,low,always,false,778815.79,5809595.09,-24.972640363811276,
bb_0ac91140,28800.0,car,34,f,low,always,false,778406.66,5809529.12,-20.436225916167352,
bb_158004b3,28800.0,car,20,m,medium,always,false,734443.29,5852157.89,-41.79738351690111,
bb_06806396,28800.0,car,75,m,medium,always,true,815345.12,5803371.25,-38.4966760536619,
bb_0c78349f,28800.0,car,39,m,medium,always,false,786221.97,5811956.96,-62.69412170034871,
bb_0c098ca0,28800.0,car,49,f,low,always,false,806353.96,5845811.84,-31.516702171087875,
bb_028795b0,28800.0,car,14,m,medium,never,false,773778.57,5812177.62,-24.637019894163267,
bb_0f97588f,28800.0,car,81,f,medium,always,false,814032.74,5811663.29,-40.03681128686655,
bb_0b4a9f40,28800.0,car,92,m,low,always,true,777133.13,5831399.68,-17.590140765036473,
bb_109d4609,28800.0,car,2,m,low,never,false,789337.89,5814074.22,-26.269350758299453,
bb_0cbbc9bc,28800.0,car,63,m,medium,always,false,800852.08,5810122.99,-30.714950653645854,
bb_003cff03,28800.0,car,51,f,medium,always,false,772991.05,5831304.94,-18.5175623344605,
bb_015c9a5b,28800.0,car,33,m,medium,always,false,823865.33,5817785.82,-33.68400977572156,
bb_0937d788,28800.0,car,69,f,low,always,false,784670.29,5840712.22,-19.91196753506362,
bb_02cbd5b5,28800.0,car,79,m,medium,always,false,779249.94,5813340.3,-24.473557474684156,
bb_06cac2b6,28800.0,car,84,m,medium,always,true,818066.3,5829426.43,-38.68258335282496,
bb_0d079569,28800.0,car,88,f,high,always,false,806851.96,5845828.3,-24.956074959137375,
bb_07821d19,28800.0,car,2,m,high,never,false,771838.13,5828763.15,-16.17821774265913,
bb_134c21ab,28800.0,car,53,f,high,always,false,792296.43,5844792.89,-24.760624463713295,
bb_01f879ba,28800.0,car,77,m,medium,always,false,815993.3,5828349.88,-32.713937125938365,
bb_15d3f598,28800.0,car,66,f,medium,always,false,803498.46,5802099.49,-38.16288489560252,
bb_081b24e9,28800.0,car,15,f,medium,never,false,772477.14,5817167.05,-22.172017599964676,
bb_03383cfd,28800.0,car,67,f,very_low,always,false,786426.17,5851167.32,-17.996823628678435,
bb_121d2f26,28800.0,car,33,m,low,always,false,774453.87,5812508.22,-24.065991471676185,
bb_03003770,28800.0,car,53,m,medium,always,false,822702.04,5822125.77,-43.70091016390974,
bb_121c7901,28800.0,car,9,f,medium,never,false,789405.46,5803840.85,-23.36614633357504,
bb_0e55756a,28800.0,car,56,f,medium,always,false,777863.9,5811325.81,-24.288735450055142,
bb_145011e6,28800.0,car,43,m,high,always,false,796865.99,5842223.09,-24.57076887014454,
bb_07383d59,28800.0,car,35,m,medium,always,false,790005.11,5844803.61,-39.10432033142449,
bb_06e9b7e0,28800.0,car,9,f,very_high,never,false,813505.98,5793947.98,-30.69989804205334,
bb_064a9372,28800.0,car,0,f,high,never,false,799664.13,5807359.23,-35.07022573389201,
bb_09c4163a,28800.0,car,66,f,medium,always,false,791840.88,5846035.58,-24.128942439540925,
bb_10184693,28800.0,car,49,f,very_low,always,false,807877.55,5808426.62,-50.507443774497276,
bb_01e4a434,28800.0,car,68,m,medium,always,false,786915.53,5847917.31,-21.93484702674474,
bb_0dbf0158,28800.0,car,87,f,high,always,false,774740.22,5798383.02,-27.334988178196134,
bb_00123290,28800.0,car,72,f,low,always,true,810768.14,5803170.04,-25.646956763477068,
bb_0f8fb17d,28800.0,car,80,m,very_low,always,false,739343.64,5812457.31,-28.882103684331902,
bb_0d8314ab,28800.0,car,57,m,medium,always,false,773136.05,5807438.49,-26.68746170410197,
bb_0e133a0b,28800.0,car,62,m,very_low,always,false,781766.63,5810931.14,-31.566071523235134,
bb_02422a26,28800.0,car,62,m,very_low,always,false,792398.48,5841631.86,-22.725326792427474,
bb_0c629b6d,28800.0,car,14,f,high,never,false,779579.79,5813831.46,-18.30031836492703,
bb_12c59150,28800.0,car,59,f,low,always,true,856362.37,5842957.96,-46.71351246473576,
bb_12ca8f85,28800.0,car,42,m,very_high,always,false,831509.12,5702186.9,-84.10713055543137,
bb_0e368130,28800.0,car,68,m,medium,always,false,815015.38,5807030.1,-42.28746226720888,
bb_050e423c,28800.0,car,59,m,high,always,false,776936.35,5831914.6,-18.397168486555152,
bb_0f5eaa37,28800.0,car,30,f,high,always,false,802510.39,5814512.75,-32.309322718511936,
bb_1299f9e3,28800.0,car,10,m,medium,never,false,778525.43,5812538.42,-57.02346442697222,
bb_0f7b156b,28800.0,car,55,f,medium,always,true,801184.19,5790714.05,-33.85374366138334,
bb_00319d6c,28800.0,car,1,m,low,never,false,781368.7,5812084.99,-22.86394431759006,
bb_15618d26,28800.0,car,38,m,very_high,always,false,817733.77,5809977.16,-29.102389209834648,
bb_031ba13c,28800.0,car,73,f,low,always,false,783056.47,5849129.07,-17.235654004821125,
bb_0de3f22d,28800.0,car,20,m,very_low,always,false,819221.84,5822965.04,-40.92447095959485,
bb_0669f491,28800.0,car,28,m,high,always,false,776363.02,5814916.55,-24.628046221222228,
bb_04dc87c3,28800.0,car,89,f,low,always,false,807390.76,5845133.85,-32.57210517935251,
bb_0e24d517,28800.0,car,32,f,low,always,false,783520.23,5850502.91,-20.47636818943665,
bb_005c86a1,28800.0,car,7,f,very_high,never,false,800271.03,5807681.68,-35.19535144901894,
bb_108eef43,28800.0,car,62,f,high,always,true,813588.08,5809316.16,-48.713137364892766,
bb_0c2d895d,28800.0,car,41,m,high,always,false,775719.68,5829852.12,-14.731675605225291,
bb_041f2053,28800.0,car,64,m,medium,always,false,793225.46,5810442.39,-96.98021841530142,
bb_120f1a3c,28800.0,car,47,m,low,always,false,802021.35,5808085.98,-24.335858153370246,
bb_04145f0e,28800.0,car,56,f,medium,always,false,774665.37,5831105.37,-18.066416113451332,
bb_107d3dbc,28800.0,car,42,m,high,always,false,844462.25,5813442.58,-58.0675044513448,
bb_132c97f1,28800.0,car,1,m,very_high,never,false,785400.66,5856055.42,-23.257443123690315,
bb_123d0f73,28800.0,car,61,m,high,always,false,773038.57,5811909.84,-25.559950476943328,
bb_07846ec9,28800.0,car,43,f,medium,always,false,796217.1,5850746.17,-26.368210367281637,
bb_104a453e,28800.0,car,28,m,very_low,always,false,817845.11,5829204.6,-38.40754089910065,
bb_13887aa9,28800.0,car,49,f,low,always,false,799929.75,5809633.44,-34.2517818311312,
bb_0e90f3d1,28800.0,car,17,f,very_low,never,false,781369.99,5810609.13,-26.757140537059836,
bb_0682d5f0,28800.0,car,52,f,very_low,always,true,812362.51,5812171.37,-38.333261005739075,
bb_073b28d3,28800.0,car,62,f,very_low,always,true,766900.89,5801480.43,-18.13957388993074,
bb_0f59b323,28800.0,car,36,f,low,always,false,781198.84,5810941.92,-24.401230169971356,
bb_0a3ca5c9,28800.0,car,55,f,very_low,always,true,770357.65,5828734.39,-17.075440631898154,
bb_0a0c5ead,28800.0,car,57,m,medium,always,false,814298.04,5832101.3,-27.766856210113907,
bb_0489e95c,28800.0,car,57,f,high,always,true,806046.96,5837603.31,-22.682815019606245,
bb_0202f810,28800.0,car,7,f,medium,never,false,787064.82,5814413.44,-24.650782740686566,
bb_11728456,28800.0,car,13,f,very_high,never,false,781749.43,5810190.53,-24.63113114503342,
bb_0963ef37,28800.0,car,15,m,very_low,never,false,799918.92,5845733.87,-67.23434310574198,
bb_108f12e9,28800.0,car,52,m,low,always,false,797043.27,5850464.85,-22.61419795494203,
bb_0410570b,28800.0,car,52,f,medium,always,false,825497.86,5829918.65,-31.15337680275981,
bb_119cc8e9,28800.0,car,40,m,high,always,false,790948.35,5814081.32,-65.0913252077628,
bb_1151d7c0,28800.0,car,27,m,low,always,false,822277.57,5821699.15,-37.67575479781975,
bb_14ea9b78,28800.0,car,16,m,low,never,false,824565.53,5830131.25,-35.264842290338684,
bb_12380ce2,28800.0,car,38,m,medium,always,false,781215.79,5852324.27,-20.949205179071797,
bb_078da672,28800.0,car,46,m,high,always,false,823965.27,5817076.1,-40.0373894609293,
bb_043cb602,28800.0,car,51,f,very_low,always,true,786867.28,5853851.26,-18.96440215963635,
bb_093577d1,28800.0,car,74,f,very_low,always,false,817209.96,5830090.83,-38.04605364023254,
bb_07b0cb03,28800.0,car,59,m,low,always,false,800561.01,5849114.03,-29.301068985678242,
bb_13d97c2c,28800.0,car,40,m,very_high,always,false,792959.9,5809799.14,-30.816456429507546,
bb_121660c6,28800.0,car,31,m,medium,always,false,773144.94,5811288.2,-22.408294867597075,
bb_1599a6f7,28800.0,car,36,f,medium,always,false,788948.36,5844015.98,-16.261307746671143,
bb_018a64b4,28800.0,car,84,f,medium,always,false,787263.65,5814447.33,-25.080214987987677,
bb_0c1340c3,28800.0,car,70,f,low,always,false,785513.93,5855911.43,-20.259228132879954,
bb_0fbd684e,28800.0,car,45,m,medium,always,false,770821.03,5834744.01,-20.681008411420386,
bb_09d7dc4d,28800.0,car,2,f,high,never,false,772611.34,5815412.37,-22.45291041903515,
bb_086b6979,28800.0,car,61,f,medium,always,false,780076.51,5844417.73,-15.371965003844483,
bb_14133309,28800.0,car,71,m,high,always,false,806576.68,5837462.61,-30.78632443213884,
bb_1298d72c,28800.0,car,4,m,medium,never,false,814065.66,5825346.63,-36.55161823223026,
bb_03395cda,28800.0,car,0,f,high,never,false,778909.82,5832627.24,-19.35650443361294,
bb_03b71c96,28800.0,car,41,f,high,always,false,783376.78,5840571.36,-19.64179039561433,
bb_035182ec,28800.0,car,89,m,very_high,always,false,782157.13,5845677.63,-23.035556618012485,
bb_098baa54,28800.0,car,40,m,very_high,always,false,827128.18,5805479.73,-35.27098748458593,
bb_07d3d36e,28800.0,car,61,m,low,always,true,771234.7,5794577.05,-30.54391102993329,
bb_00ba3612,28800.0,car,23,m,very_low,always,false,823680.18,5832250.19,-57.31772533248301,
bb_00ed3bdf,28800.0,car,95,m,very_low,always,true,759003.0,5790728.62,-23.676879690143892,
bb_011fd3f0,28800.0,car,10,m,low,never,false,816482.14,5808637.91,-42.07542023358676,
bb_07fa7e79,28800.0,car,91,m,medium,always,false,767268.57,5822717.14,-18.389330580013276,
bb_0c0ec604,28800.0,car,12,f,very_low,never,false,816361.23,5828307.04,-26.37151661651262,
bb_0c089cfe,28800.0,car,59,f,high,always,false,779352.88,5812841.6,-26.471223438694725,
bb_07b797e8,28800.0,car,72,f,low,always,false,784364.94,5837002.12,-61.4056785666363,
bb_07320d0d,28800.0,car,79,f,very_low,always,false,772701.43,5816040.21,-23.525841895517846,
bb_0e943d8e,28800.0,car,31,f,very_low,always,false,765871.31,5808242.61,-25.655609846973988,
bb_0edcffcd,28800.0,car,8,f,medium,never,false,741451.1,5807941.17,-32.417802088702835,
bb_09261a50,28800.0,car,62,m,high,always,false,757186.66,5812057.24,-20.6047697402763,
bb_0214075b,28800.0,car,18,f,low,always,false,775707.67,5814663.74,-48.302056007807806,
bb_1400d800,28800.0,car,83,f,very_high,always,true,781500.52,5809898.14,-26.323790790274188,
bb_0b9b6d64,28800.0,car,38,f,very_low,always,false,804123.24,5797265.56,-35.61791743861639,
bb_0bc2bed6,28800.0,car,11,f,very_low,never,false,774134.97,5812022.09,-24.73303170900596,
bb_11ac378d,28800.0,car,22,f,high,always,false,779089.51,5812015.05,-26.3345726089589,
bb_0992d517,28800.0,car,60,f,low,always,false,783447.76,5841055.55,-19.43481056782581,
bb_11c5617c,28800.0,car,13,m,low,never,false,766060.12,5807183.36,-27.352457189429828,
bb_14ee87b8,28800.0,car,5,f,medium,never,false,775713.65,5828319.73,-21.49158314803903,
bb_0b165a41,28800.0,car,53,m,high,always,false,791966.92,5839926.28,-20.768391214907915,
bb_0918c520,28800.0,car,86,f,high,always,false,806241.91,5843676.09,-24.083984618304658,
bb_0d844188,28800.0,car,63,f,very_low,always,false,822212.7,5823234.76,-101.76338073767646,
bb_14918f7c,28800.0,car,23,m,very_high,always,false,778312.33,5809937.67,-21.628729765500275,
bb_0f8d6c57,28800.0,car,48,m,medium,always,false,778999.1,5812327.57,-24.13671938557699,
bb_0ad34f58,28800.0,car,98,f,medium,always,true,775812.16,5815752.82,-23.28164076765127,
bb_0f5505ff,28800.0,car,58,m,medium,always,false,774829.23,5828564.64,-37.704353550111975,
bb_0a7dce22,28800.0,car,77,m,medium,always,false,785364.99,5854424.78,-23.5883850227114,
bb_0b0e8a19,28800.0,car,73,f,low,always,false,811931.72,5794141.81,-37.28697117591963,
bb_019c9ad5,28800.0,car,31,m,medium,always,false,764049.12,5838827.42,-22.363421997496154,
bb_13b6e122,28800.0,car,75,m,medium,always,true,779159.85,5821655.35,-19.34968236104476,
bb_0c173d31,28800.0,car,30,f,very_low,always,false,807071.63,5845683.85,-32.193003186928316,
bb_009e7054,28800.0,car,66,m,low,always,true,784713.52,5853620.67,-20.218674830141897,
bb_05d932da,28800.0,car,43,m,high,always,false,813919.99,5812635.18,-39.132255762527606,
bb_11321f05,28800.0,car,57,m,very_low,always,false,820887.15,5822630.39,-48.64003024132586,
bb_121acc98,28800.0,car,43,m,very_low,always,false,823608.49,5825329.22,-36.56358239941299,
bb_0f326906,28800.0,car,28,m,very_low,always,false,807118.76,5868021.74,-29.29353732160683,
bb_1470d63c,28800.0,car,77,f,low,always,true,801816.86,5806336.56,-37.56771150836453,
bb_1265b31c,28800.0,car,40,m,medium,always,false,741287.82,5809384.37,-25.700560154749212,
bb_0fc50e37,28800.0,car,53,f,high,always,false,808972.41,5846003.87,-33.61823358639703,
bb_0300f4c1,28800.0,car,47,f,high,always,false,796053.86,5850799.76,-26.828894745678014,
bb_07ad92a4,28800.0,car,22,f,low,always,true,807819.85,5808657.5,-34.5671769512596,
bb_0f19026f,28800.0,car,42,m,very_low,always,false,804252.39,5800553.48,-30.733058643770985,
bb_0b375475,28800.0,car,58,m,medium,always,false,759599.25,5818543.38,-19.3990297232629,
bb_01c48577,28800.0,car,81,f,low,always,true,770356.48,5808873.47,-34.54945376282926,
bb_0e3d2a30,28800.0,car,62,f,very_low,always,false,769075.45,5811397.84,-25.389210910397114,
bb_05f12393,28800.0,car,41,m,medium,always,false,798635.16,5785274.17,-32.896596125077735,
bb_022b990d,28800.0,car,50,f,high,always,false,780378.54,5832248.8,-19.55954673203249,
bb_0cd1201b,28800.0,car,62,m,very_low,always,false,786796.32,5854175.67,-61.91247595543135,
bb_0e03fa05,28800.0,car,52,f,high,always,false,798113.45,5859317.45,-28.083102295284757,
bb_074ad657,28800.0,car,28,f,very_low,always,false,826777.35,5822911.97,-38.93734065059523,
bb_13f9a8bb,28800.0,car,39,m,high,always,false,779008.07,5809586.53,-25.115591427745578,
bb_1259312e,28800.0,car,37,m,high,always,false,775439.01,5803694.86,-28.184933212110696,
bb_0c479d43,28800.0,car,6,f,high,never,false,815133.56,5806491.33,-51.13235542067682,
bb_0aa0a83f,28800.0,car,43,m,low,always,false,843653.31,5801234.56,-38.05380958578611,
bb_12328605,28800.0,car,61,m,very_low,always,false,786935.52,5812153.32,-24.28612040197892,
bb_0e04ff90,28800.0,car,22,f,low,always,false,784727.71,5811228.14,-22.44727459350895,
bb_06c38617,28800.0,car,32,m,medium,always,false,790298.51,5803639.17,-26.34975503934855,
bb_0f13ef48,28800.0,car,57,f,very_high,always,false,799328.54,5849826.65,-29.78416611383524,
bb_04b7be87,28800.0,car,10,m,medium,never,false,788073.76,5814717.12,-21.263968430763754,
bb_0f406be3,28800.0,car,2,m,medium,never,false,777135.58,5814269.37,-81.94773425543646,
bb_09256554,28800.0,car,30,f,low,always,false,811706.43,5814491.91,-37.442298324734395,
bb_062ec2cd,28800.0,car,51,f,very_high,always,true,788490.17,5815399.08,-25.33615917956207,
bb_05267e2e,28800.0,car,4,m,low,never,false,764372.67,5798835.4,-29.47839192034103,
bb_0ab7ea9f,28800.0,car,34,m,medium,always,false,805629.73,5845966.54,-31.50698905192379,
bb_096bdc4e,28800.0,car,6,m,very_low,never,false,774872.43,5829555.66,-18.20849919518491,
bb_082d2e9b,28800.0,car,10,m,high,never,false,779259.18,5814423.39,-21.34973038242999,
bb_16881900,28800.0,car,98,m,very_low,always,true,793314.9,5810369.39,-28.919479024143165,
bb_0de2e0f7,28800.0,car,28,f,low,always,true,815531.61,5807838.77,-41.75600577500797,
bb_0399ef26,28800.0,car,16,m,very_low,never,false,774741.61,5831502.58,-17.945637289708127,
bb_13be845e,28800.0,car,50,m,high,always,false,819775.77,5833556.0,-35.846981688456225,
bb_1065091b,28800.0,car,7,m,high,never,false,801434.7,5850721.54,-29.296603725786156,
bb_0d574edc,28800.0,car,38,f,very_high,always,false,771541.36,5805766.43,-24.043394848570337,
bb_151359df,28800.0,car,75,m,medium,always,false,829470.01,5839612.11,-26.987062390713106,
bb_12f0c601,28800.0,car,77,m,high,always,true,781218.85,5809096.63,-25.438963259794473,
bb_1157831a,28800.0,car,15,m,medium,never,false,785697.28,5851343.55,-23.23894386721642,
bb_028ad536,28800.0,car,39,m,medium,always,false,783714.77,5840719.19,-20.303922609280217,
bb_0b1bebe3,28800.0,car,73,m,high,always,false,781738.54,5852420.15,-46.97987832223193,
bb_095166ea,28800.0,car,50,f,high,always,false,786060.87,5814191.04,-16.679024227967176,
bb_125f32bd,28800.0,car,19,m,medium,always,true,801118.07,5808270.5,-34.77683496079045,
bb_05f2c840,28800.0,car,98,m,medium,always,true,810755.81,5814232.51,-35.62306794625508,
bb_08dfa288,28800.0,car,41,f,high,always,false,781522.24,5810062.55,-24.470151114460837,
bb_02b78256,28800.0,car,9,m,high,never,false,786563.76,5850192.62,-23.05603382076418,
bb_0a68da64,28800.0,car,11,f,low,never,true,779921.18,5825716.78,-20.697913567192003,
bb_08d8b598,28800.0,car,15,m,medium,never,false,784153.51,5837445.88,-19.264892426157477,
bb_1339bf3a,28800.0,car,64,m,high,always,false,825495.81,5823585.59,-33.40806049141256,
bb_0b3b00e2,28800.0,car,77,m,very_low,always,true,774018.04,5832133.93,-17.89397734041698,
bb_14e18228,28800.0,car,56,f,very_high,always,false,774600.21,5817323.52,-21.342526220137202,
bb_0600e271,28800.0,car,2,m,high,never,false,770034.4,5832938.0,-27.716361526615593,
bb_12e92fbb,28800.0,car,69,f,medium,always,false,784979.61,5811246.3,-20.34422310100396,
bb_016d10c4,28800.0,car,45,m,medium,always,false,727207.47,5828026.96,-34.94577964444713,
bb_12c9a5b5,28800.0,car,98,f,high,always,true,787019.34,5815886.99,-24.944989778027377,
bb_0797a7f4,28800.0,car,88,f,medium,always,false,771967.86,5828835.51,-30.205352305576106,
bb_066bdbe0,28800.0,car,23,f,medium,always,false,795766.44,5842320.21,-25.103387838087155,
bb_085fb450,28800.0,car,9,f,medium,never,false,815128.56,5806464.85,-51.13483335986571,
bb_06ce246d,28800.0,car,82,m,medium,always,false,775410.34,5813787.67,-23.361009342783763,
bb_001162c8,28800.0,car,33,f,medium,always,false,808307.93,5842514.69,-31.392654302397183,
bb_0cce45b3,28800.0,car,60,m,high,always,true,773676.12,5812446.21,-22.935744338665863,
bb_0d6350b4,28800.0,car,52,f,medium,always,false,751072.86,5842372.06,-21.50410416599027,
bb_0f25e90b,28800.0,car,52,f,very_low,always,true,820970.01,5842236.02,-25.499810873301158,
bb_10999936,28800.0,car,38,m,medium,always,false,781155.35,5810985.35,-24.363938911059716,
bb_0f4e211a,28800.0,car,65,f,very_low,always,false,780930.57,5809610.04,-25.668191681575266,
bb_09ec4b4c,28800.0,car,17,f,medium,never,false,771166.08,5794543.08,-30.75948876520205,
bb_125132c8,28800.0,car,50,f,medium,always,false,773918.56,5812057.7,-25.427981063737416,
bb_080ee789,28800.0,car,25,f,very_low,always,false,772311.98,5815803.35,-23.839075822583375,
bb_0edff5ab,28800.0,car,27,m,medium,always,true,793214.18,5809890.4,-30.42950141540428,
bb_0d0bcf3d,28800.0,car,6,f,low,never,false,784318.75,5852246.15,-18.724929658649565,
bb_05414d5b,28800.0,car,42,m,high,always,false,818775.91,5830332.72,-37.3481980925509,
bb_094f9fce,28800.0,car,57,f,very_high,always,false,806802.85,5842416.44,-31.090900422543662,
bb_0842200a,28800.0,car,31,m,very_low,always,false,812885.09,5851496.03,-39.27540070646013,
bb_0ffe66ad,28800.0,car,54,m,medium,always,false,788864.86,5848583.91,-23.813115672026665,
bb_05e72cd0,28800.0,car,3,m,medium,never,false,785275.09,5853252.8,-21.933213305483438,
bb_039f37d9,28800.0,car,95,m,very_high,always,false,778526.05,5809604.19,-25.95423349509089,
bb_159a52b3,28800.0,car,12,f,medium,never,false,810397.72,5851990.88,-34.07486190454336,
bb_01efab49,28800.0,car,44,m,high,always,false,840562.81,5884325.92,-43.23120460619944,
bb_05f7cd7e,28800.0,car,50,m,high,always,false,779871.17,5807434.88,-26.011275554259356,
bb_00468d84,28800.0,car,57,m,high,always,false,817951.81,5803151.66,-30.264624445512524,
bb_12d32e1e,28800.0,car,47,f,very_high,always,false,741902.02,5813496.18,-29.792696392825448,
bb_0915e41a,28800.0,car,38,f,high,always,false,784610.9,5840906.17,-18.243944586658408,
bb_090e8443,28800.0,car,38,m,medium,always,false,818048.77,5830200.64,-36.84223859966776,
bb_069cbd73,28800.0,car,18,m,very_low,always,false,829501.16,5828418.57,-31.251956351721915,
bb_012c4487,28800.0,car,50,m,high,always,false,776302.41,5830001.73,-18.163340659503582,
bb_10f8810a,28800.0,car,53,m,medium,always,false,777450.54,5812992.37,-22.507749298014744,
bb_0083fddf,28800.0,car,53,m,low,always,false,800016.59,5806430.77,-36.78952391005747,
bb_0cb82747,28800.0,car,54,m,very_high,always,false,778580.51,5819557.59,-21.086440283013914,
bb_087e5dc6,28800.0,car,98,m,medium,always,true,799190.84,5807958.44,-33.05333105234073,
bb_00eedf0c,28800.0,car,40,m,high,always,false,815796.63,5764021.93,-44.129028613265184,
bb_14744d23,28800.0,car,20,f,medium,always,false,775564.16,5815588.9,-22.577475488302856,
bb_0c0e61df,28800.0,car,63,f,very_low,always,false,810151.53,5846371.93,-35.54631483729347,
bb_07d108d9,28800.0,car,70,m,medium,always,false,770854.12,5834022.0,-20.14433566416089,
bb_125dca34,28800.0,car,62,m,high,always,false,781146.97,5811338.51,-24.508825230281644,
bb_006c324f,28800.0,car,11,m,very_high,never,false,778868.14,5812588.58,-22.20476315526204,
bb_15ddba2d,28800.0,car,56,m,very_low,always,true,815961.27,5807021.73,-44.98589740415162,
bb_0e509cd4,28800.0,car,27,m,high,always,false,766309.88,5844254.24,-14.696644213454686,
bb_0bc1a8ef,28800.0,car,67,m,low,always,false,809033.1,5846887.31,-32.884917667473545,
bb_071635a2,28800.0,car,88,f,medium,always,false,823229.54,5818428.25,-45.02332792437891,
bb_1522f3a9,28800.0,car,58,f,high,always,false,807574.81,5843321.01,-29.302897711187192,
bb_0508446c,28800.0,car,80,f,medium,always,false,799130.73,5803230.35,-25.74991179384665,
bb_08c14e46,28800.0,car,53,m,low,always,false,785800.8,5856137.88,-21.287053339685848,
bb_14e40243,28800.0,car,92,f,medium,always,true,799236.9,5849675.19,-29.76078770428933,
bb_0125a5aa,28800.0,car,58,f,high,always,false,774609.22,5815178.63,-23.556362816189583,
bb_0ceda254,28800.0,car,56,m,medium,always,true,775466.98,5813004.76,-21.72491362598014,
bb_060b604c,28800.0,car,75,m,low,always,true,762324.61,5805132.87,-25.444527991494645,
bb_077ba19c,28800.0,car,11,m,medium,never,false,813518.1,5804206.58,-105.02252904202795,
bb_05af46dd,28800.0,car,49,m,high,always,false,740521.95,5809219.16,-28.26690307265485,
bb_14279928,28800.0,car,15,m,low,never,false,801108.5,5812885.71,-32.306714898210224,
bb_0b38022f,28800.0,car,55,m,high,always,false,771790.68,5857727.7,-20.038289775296306,
bb_028feb34,28800.0,car,58,m,medium,always,false,791074.23,5801988.9,-32.90677278726308,
bb_151e32d4,28800.0,car,56,m,medium,always,false,794434.92,5804641.17,-28.506208209606335,
bb_0d8c6dbe,28800.0,car,50,m,very_high,always,false,820301.03,5828548.27,-41.98633932562761,
bb_0c37514d,28800.0,car,27,m,medium,always,false,783602.48,5841151.02,-19.473863071075613,
bb_0785e20b,28800.0,car,63,f,very_high,always,false,793699.05,5840282.97,-17.33709525075809,
bb_0bb5093f,28800.0,car,65,f,very_low,always,false,780917.98,5809913.91,-243.10099186778098,
bb_03be90bc,28800.0,car,89,f,medium,always,true,805518.98,5840541.46,-31.826852670050588,
bb_0380a392,28800.0,car,71,m,high,always,true,813949.06,5825178.28,-36.39023836640931,
bb_0f69d8a1,28800.0,car,8,f,high,never,false,783072.0,5813250.04,-25.48505429523823,
bb_134dda67,28800.0,car,39,f,high,always,false,807512.17,5844464.83,-32.01661200810548,
bb_01838f57,28800.0,car,37,f,very_low,always,false,803617.71,5794213.83,-31.211164390031108,
bb_15800938,28800.0,car,48,m,very_high,always,false,818603.56,5827698.51,-35.829545348373195,
bb_06ae0261,28800.0,car,17,f,low,never,false,778962.73,5806320.8,-20.574616206541286,
bb_0817f4ea,28800.0,car,36,f,very_high,always,false,814322.97,5803817.48,-36.96701911738268,
bb_04a31a1c,28800.0,car,67,m,medium,always,false,827505.96,5831434.55,-31.36914371475944,
bb_0c8b393e,28800.0,car,59,m,high,always,false,768285.55,5809219.84,-33.075744301321464,
bb_12dee1ba,28800.0,car,19,m,very_high,always,false,775704.92,5813127.05,-22.1355885877115,
bb_0eaa3656,28800.0,car,62,f,very_low,always,true,791420.48,5813063.04,-27.69536328269715,
bb_1191852d,28800.0,car,80,m,medium,always,false,788134.43,5814706.88,-27.629627298493297,
bb_039fe265,28800.0,car,23,m,low,always,false,762431.78,5835227.91,-14.397127341038434,
bb_0249c42f,28800.0,car,37,m,high,always,false,824226.39,5864629.33,-32.58805742975919,
bb_14f99903,28800.0,car,61,f,medium,always,false,811043.69,5833762.28,-91.23930015969334,
bb_12e49df2,28800.0,car,68,f,low,always,false,792743.55,5801898.88,-29.90281520410948,
bb_0a700528,28800.0,car,35,f,medium,always,false,778979.72,5809263.62,-24.731932085015853,
bb_10afdec4,28800.0,car,58,f,medium,always,true,770916.06,5795009.02,-30.714198769627338,
bb_03ca5462,28800.0,car,66,m,very_low,always,false,789443.57,5814091.3,-26.132205865617447,
bb_0fa56e9f,28800.0,car,7,f,medium,never,false,786398.4,5839513.65,-20.301754004485847,
bb_1351aff6,28800.0,car,51,m,high,always,false,795504.25,5810196.12,-31.429055596168702,
bb_132631b9,28800.0,car,32,m,high,always,false,818903.97,5803298.92,-30.920626185153566,
bb_10d58e13,28800.0,car,62,m,very_low,always,false,813072.12,5809337.28,-39.48513024656728,
bb_050f84af,28800.0,car,1,f,high,never,false,803638.93,5794169.84,-31.914254157224125,
bb_1515d4ec,28800.0,car,36,f,high,always,false,793947.94,5799938.77,-27.60435365753359,
bb_0a3c38df,28800.0,car,52,f,very_high,always,false,779297.96,5868623.19,-22.071682242589873,
bb_07d4b2fb,28800.0,car,37,f,medium,always,false,786549.39,5851203.27,-31.62428960109246,
bb_018bd3b9,28800.0,car,33,f,low,always,false,792185.69,5815505.43,-18.1866209238348,
bb_0f789b48,28800.0,car,95,f,low,always,false,809542.0,5844515.16,-32.66930113183694,
bb_140e2a3c,28800.0,car,42,m,very_low,always,true,793537.56,5810489.21,-28.8254633262647,
bb_132a256c,28800.0,car,0,m,very_high,never,false,785455.18,5854635.55,-22.876953276950722,
bb_092447d5,28800.0,car,2,m,high,never,false,778871.18,5811935.53,-22.127197867742527,
bb_1483acbb,28800.0,car,19,m,low,always,false,778096.87,5812200.63,-23.686244368882186,
bb_0c5ac613,28800.0,car,15,f,low,never,false,769878.35,5832445.17,-17.17563254517959,
bb_1645d35f,28800.0,car,77,m,low,always,false,779193.1,5812141.51,-24.254152944446936,
bb_11e1d6c2,28800.0,car,7,f,high,never,false,781510.87,5795551.98,-22.895253784909123,
bb_07292a26,28800.0,car,13,m,high,never,false,785509.0,5814033.41,-23.689498561609685,
bb_003c1195,28800.0,car,73,m,medium,always,false,790475.93,5802914.18,-32.635558886824285,
bb_0fb7083c,28800.0,car,58,f,medium,always,false,773755.62,5812382.59,-23.493204234818123,
bb_08951141,28800.0,car,5,f,medium,never,false,792048.84,5854489.67,-27.57553060286663,
bb_03750dac,28800.0,car,38,f,high,always,false,810208.42,5835089.43,-41.982834922779475,
bb_1509eaef,28800.0,car,11,m,low,never,false,818221.29,5828700.56,-39.61515388940246,
bb_0ca936f3,28800.0,car,55,m,medium,always,false,783732.2,5839281.83,-17.06158782928308,
bb_10f2d278,28800.0,car,64,f,medium,always,false,773626.46,5811623.16,-20.791168522528352,
bb_164399e6,28800.0,car,41,f,very_high,always,false,785329.29,5851192.22,-22.917550059568896,
bb_01131cc6,28800.0,car,34,f,high,always,false,778877.36,5831125.81,-19.09332775994884,
bb_0e8beb65,28800.0,car,73,m,medium,always,false,830688.03,5836249.29,-30.565136203156932,
bb_00cf6742,28800.0,car,86,f,very_high,always,true,780967.55,5803892.37,-19.746822541759897,
bb_138a9257,28800.0,car,87,f,very_low,always,false,814141.1,5809746.44,-40.10421406159982,
bb_158a66e2,28800.0,car,16,m,low,never,false,776079.84,5830313.32,-18.03127751365716,
bb_04ae8ef8,28800.0,car,68,m,high,always,false,775860.96,5815738.97,-23.367590933154077,
bb_1471602b,28800.0,car,55,f,high,always,false,783139.95,5849926.0,-18.618859656482428,
bb_0643c5f0,28800.0,car,10,f,very_low,never,false,791606.04,5840517.36,-22.97050879906375,
bb_00f37122,28800.0,car,22,m,very_low,always,false,770867.39,5813322.04,-18.98346935884108,
bb_04c8dbca,28800.0,car,28,f,high,always,false,778107.43,5809463.89,-25.933019667358536,
bb_167e352a,28800.0,car,22,f,high,always,false,814743.14,5854692.31,-29.975034397732937,
bb_10463ad1,28800.0,car,71,f,low,always,false,769783.66,5841212.61,-19.327133756932056,
bb_0524aab7,28800.0,car,67,m,medium,always,false,772544.94,5813714.0,-25.504488166965743,
bb_13b33731,28800.0,car,9,m,very_high,never,false,814774.37,5809675.6,-36.929497467398846,
bb_000775af,28800.0,car,50,m,medium,always,false,824650.27,5828900.32,-33.18172114869644,
bb_08c8b4b1,28800.0,car,67,f,low,always,false,823603.14,5819486.11,-55.51886580004842,
bb_0446b3aa,28800.0,car,70,f,medium,always,false,781299.18,5809598.44,-25.86269065446166,
bb_11c12cc7,28800.0,car,41,m,high,always,false,815555.41,5730087.62,-63.80961829614221,
bb_0d3f9d1a,28800.0,car,72,m,medium,always,true,799503.24,5849463.99,-28.68037694339445,
bb_0ce11b03,28800.0,car,64,f,very_low,always,false,774072.88,5814888.13,-24.078435394379298,
bb_0d12d438,28800.0,car,61,f,very_low,always,false,801105.78,5852444.64,-32.8604251343292,
bb_0eba8787,28800.0,car,50,f,high,always,false,755932.79,5870222.14,-27.241407156220056,
bb_05697ff5,28800.0,car,47,m,low,always,false,770010.65,5814000.83,-19.33773605494244,
bb_12762791,28800.0,car,36,m,medium,always,false,793287.62,5812226.9,-31.498048948676484,
bb_0c9ca388,28800.0,car,30,m,high,always,false,805848.21,5844008.23,-27.989651382117316,
bb_0a22faca,28800.0,car,51,f,medium,always,false,780003.94,5831424.21,-19.387531609878486,
bb_144439ab,28800.0,car,43,m,low,always,false,771080.12,5833466.83,-17.13470413584613,
bb_0d6c2680,28800.0,car,42,f,medium,always,false,779042.2,5807447.04,-24.61532750118749,
bb_15fb0793,28800.0,car,31,m,medium,always,false,819486.34,5824589.06,-18.76198461581082,
bb_0318d82f,28800.0,car,60,f,very_high,always,false,777834.51,5814725.43,-97.18794395278339,
bb_10706218,28800.0,car,42,m,low,always,false,801019.71,5788484.83,-32.086702128151835,
bb_0a5a6fef,28800.0,car,19,m,very_low,always,false,784030.75,5840345.55,-19.56550475312227,
bb_051bca42,28800.0,car,37,m,medium,always,false,763291.16,5794612.44,-25.71478074007765,
bb_04f8679a,28800.0,car,41,f,very_low,always,false,775280.9,5813238.45,-24.62781434444848,
bb_12627027,28800.0,car,42,f,very_low,always,false,795851.24,5845412.18,-17.87556644016758,
bb_0060ca0f,28800.0,car,23,m,low,always,false,779314.55,5810232.56,-21.79818843121653,
bb_0013d048,28800.0,car,16,m,medium,never,false,790528.19,5803013.87,-34.98185265217876,
bb_11fd9d91,28800.0,car,51,f,high,always,false,744962.66,5797772.23,-27.986918265906553,
bb_0fe89e4d,28800.0,car,43,f,low,always,false,802799.04,5801611.18,-32.75170386539487,
bb_0d7c677d,28800.0,car,79,f,very_low,always,false,776417.18,5831972.75,-19.10055104212725,
bb_051f17f2,28800.0,car,34,f,medium,always,false,779291.31,5813865.37,-24.187316918345104,
bb_101a16c3,28800.0,car,30,m,medium,always,false,821249.35,5783519.32,-34.023319599022855,
bb_0f4c1216,28800.0,car,91,f,medium,always,true,782253.02,5844697.45,-18.906974759034682,
bb_0b6a6f62,28800.0,car,64,f,low,always,false,791290.21,5844821.91,-24.477286465137936,
bb_08e55782,28800.0,car,33,m,medium,always,false,776367.3,5813657.76,-21.526816378970373,
bb_068c01bb,28800.0,car,7,m,very_high,never,false,791297.64,5845159.04,-25.23208893649418,
bb_0a42fe05,28800.0,car,6,m,high,never,false,822708.01,5820303.81,-38.188205709917966,
bb_072ba7a6,28800.0,car,7,f,high,never,false,813790.96,5824521.76,-36.56132030941197,
bb_03c90c29,28800.0,car,41,f,very_high,always,false,774574.76,5830755.95,-15.394433778657646,
bb_1436f134,28800.0,car,35,m,high,always,false,810787.66,5845607.43,-43.76922949210291,
bb_0c13ead1,28800.0,car,0,f,very_high,never,true,817351.35,5804985.25,-42.61912731735552,
bb_0740cac7,28800.0,car,16,m,medium,never,false,818349.04,5796575.33,-46.98524499915231,
bb_12ad310f,28800.0,car,53,m,high,always,false,828936.68,5810732.93,-34.92024942120976,
bb_0ab81cc0,28800.0,car,59,f,low,always,false,819589.54,5814557.43,-36.17032435967401,
bb_01a3046e,28800.0,car,67,f,very_high,always,false,767184.89,5828949.86,-34.69113400530148,
bb_0b8b783d,28800.0,car,69,m,medium,always,false,785448.08,5807325.54,-26.988416173133796,
bb_138e8089,28800.0,car,8,m,high,never,false,775967.12,5813364.77,-27.90166237781299,
bb_0a916745,28800.0,car,5,f,high,never,false,815560.41,5809683.12,-38.73759815363023,
bb_06b0ab8d,28800.0,car,39,m,medium,always,false,774776.11,5814655.98,-46.63000774252718,
bb_090a246b,28800.0,car,57,m,low,always,false,815608.27,5809626.13,-38.783422998564276,
bb_1267f6c7,28800.0,car,31,m,high,always,false,776617.87,5813686.44,-21.609291159163575,
bb_129bb20b,28800.0,car,95,m,medium,always,false,869450.65,5801113.69,-51.65640727275172,
bb_0619ec7a,28800.0,car,12,f,very_high,never,false,814862.7,5806836.24,-40.641011365277166,
bb_0d5ffe38,28800.0,car,16,m,low,never,false,815063.32,5831254.02,-36.59935499632101,
bb_0bd10ca6,28800.0,car,40,f,very_low,always,false,815072.46,5809567.79,-40.4236754699935,
bb_106273cd,28800.0,car,50,m,high,always,false,784395.19,5839188.31,-21.63224022261477,
bb_08c3637e,28800.0,car,55,f,low,always,false,789071.96,5843183.76,-22.25629125094968,
bb_1077842d,28800.0,car,2,m,medium,never,false,783549.68,5849174.66,-20.121809976182234,
bb_01c7353a,28800.0,car,41,m,low,always,false,762508.98,5835515.8,-21.30003862310612,
bb_0bc124dc,28800.0,car,61,m,medium,always,false,771011.84,5813432.59,-18.85324250632727,
bb_0560683f,28800.0,car,35,f,high,always,false,788296.19,5807211.13,-21.016733902574593,
bb_14820c41,28800.0,car,48,f,high,always,false,767745.68,5820521.16,-24.28635287701963,
bb_09f09496,28800.0,car,47,f,medium,always,true,773885.96,5833405.67,-18.803841839836707,
bb_134d3840,28800.0,car,30,m,very_low,always,false,778453.9,5812690.73,-24.58250399111835,
bb_08bd74ca,28800.0,car,51,f,medium,always,false,799892.77,5810332.98,-32.81829869064299,
bb_0a11c8ee,28800.0,car,37,f,very_low,always,false,822485.95,5830409.5,-31.936179895789003,
bb_05814107,28800.0,car,34,m,low,always,false,761187.63,5835425.66,-15.66582184853848,
bb_129b471a,28800.0,car,21,m,low,always,false,774598.47,5803139.35,-23.919199950239648,
bb_0a4cdace,28800.0,car,40,f,medium,always,false,786003.22,5815307.95,-24.882736938599045,
bb_121aa72e,28800.0,car,37,f,low,always,false,821646.32,5830564.27,-41.91972769757689,
bb_00b80ba2,28800.0,car,1,m,medium,never,false,818050.06,5830296.99,-30.32337867268789,
bb_10306d6c,28800.0,car,43,f,medium,always,false,785536.77,5812038.7,-27.435522930812688,
bb_00b01f0d,28800.0,car,59,f,very_low,always,true,819380.4,5822867.8,-47.80083878993758,
bb_14a2efcb,28800.0,car,58,m,very_low,always,false,799522.29,5856316.72,-25.008061427372006,
bb_102fef6a,28800.0,car,42,f,very_high,always,false,796461.64,5844260.56,-25.873617916156768,
bb_13ae4296,28800.0,car,2,f,medium,never,false,788753.11,5793879.73,-46.264729193880115,
bb_0b69da28,28800.0,car,89,m,medium,always,false,774484.43,5815105.02,-22.092515741151836,
bb_12a035a9,28800.0,car,94,f,very_low,always,false,776067.43,5832116.79,-18.28283172200073,
bb_08c052a3,28800.0,car,79,f,medium,always,false,764428.47,5799432.67,-27.85896332688477,
bb_06703626,28800.0,car,61,m,low,always,false,800319.37,5810319.94,-49.801461742795546,
bb_04c66b4f,28800.0,car,8,m,very_high,never,false,815656.64,5801233.47,-39.33089089501859,
bb_059e4b73,28800.0,car,50,f,high,always,false,786321.6,5814757.14,-24.47866713523144,
bb_0260858b,28800.0,car,22,m,very_low,always,false,803839.98,5794359.63,-43.67493327656851,
bb_0cd3fdf5,28800.0,car,2,f,medium,never,false,796368.94,5842177.09,-25.102031595586524,
bb_0045c4bb,28800.0,car,74,m,medium,always,false,779037.61,5812270.07,-24.952279760225103,
bb_1693469b,28800.0,car,7,f,medium,never,false,780531.7,5811086.82,-24.863952350179098,
bb_0a95c3cd,28800.0,car,77,m,medium,always,true,813314.23,5838758.09,-37.12680645894254,
bb_0954e5d5,28800.0,car,62,m,medium,always,false,789638.25,5846047.9,-24.588664447864257,
bb_01744e76,28800.0,car,54,m,low,always,false,787267.23,5807276.13,-22.257845255735116,
bb_09252612,28800.0,car,74,f,medium,always,false,778801.82,5813593.25,-26.048180279239013,
bb_07a3f685,28800.0,car,57,m,medium,always,false,793230.45,5810509.86,-28.89839208258419,
bb_1485c1e7,28800.0,car,13,f,high,always,false,802246.0,5846161.76,-28.659858811563925,
bb_0bd81f17,28800.0,car,57,m,medium,always,false,787468.01,5814586.6,-24.956982730767717,
bb_0ca5b3fa,28800.0,car,47,m,medium,always,true,801048.91,5855747.54,-28.389514145950017,
bb_032ac41b,28800.0,car,71,m,medium,always,false,778465.65,5812740.82,-24.061834607076435,
bb_0c522270,28800.0,car,8,f,medium,never,false,807497.84,5805217.3,-27.592129283056508,
bb_0096d7b2,28800.0,car,18,m,medium,always,false,808027.36,5843507.54,-31.875863559204323,
bb_0f1bfb50,28800.0,car,55,m,low,always,false,823970.87,5828886.95,-41.831057288824795,
bb_02506398,28800.0,car,16,m,high,never,false,818150.71,5804469.27,-44.932717436907616,
bb_00dd26ad,28800.0,car,55,m,very_low,always,false,820337.96,5834416.84,-50.65610073557492,
bb_0e385831,28800.0,car,17,f,medium,never,false,773702.05,5811661.51,-20.983038558786678,
bb_07b725f0,28800.0,car,5,m,low,never,false,815417.64,5804116.07,-74.24221569571375,
bb_0a593e72,28800.0,car,82,f,medium,always,false,779068.77,5832409.55,-19.530020760111885,
bb_0bf84a00,28800.0,car,19,m,high,always,false,791295.17,5812511.49,-26.739054886623798,
bb_007e776d,28800.0,car,37,m,high,always,false,753871.5,5869368.35,-23.26026564797447,
bb_1625febc,28800.0,car,30,f,very_low,always,false,783067.53,5845557.96,-21.772906817598198,
bb_0ad3606c,28800.0,car,96,f,medium,always,true,811366.4,5810742.4,-30.5344495947561,
bb_0066d03d,28800.0,car,31,m,high,always,false,810117.96,5835758.97,-33.14359171981141,
bb_0e37135a,28800.0,car,55,m,very_high,always,false,766179.43,5810987.77,-27.25758183583241,
bb_09d17181,28800.0,car,29,f,high,always,false,823469.1,5803235.55,-36.03105254306225,
bb_167697f6,28800.0,car,43,m,medium,always,false,801011.01,5806167.32,-36.56867210396364,
bb_00e12396,28800.0,car,58,m,medium,always,false,845091.56,5803587.68,-42.48841232059458,
bb_11905a91,28800.0,car,53,m,very_high,always,false,785252.8,5759830.75,-35.966246918411485,
bb_0fd077ff,28800.0,car,49,m,medium,always,false,823489.53,5822278.55,-32.61948282070066,
bb_05b15088,28800.0,car,5,f,very_high,never,false,824406.31,5836844.64,-25.683274991149695,
bb_07f7bae0,28800.0,car,31,f,medium,always,false,819101.72,5828832.3,-39.33525057900386,
bb_159821b6,28800.0,car,28,m,low,always,false,807795.75,5845942.96,-34.06251487010843,
bb_0ffae445,28800.0,car,46,f,high,always,false,776568.15,5815422.81,-23.860629770418292,
bb_0bdae58c,28800.0,car,80,m,very_low,always,true,765595.49,5816021.57,-19.736489327105048,
bb_054c0ab7,28800.0,car,22,m,low,always,false,779626.68,5807753.33,-19.433304297446092,
bb_0902a9d7,28800.0,car,50,f,high,always,false,752595.56,5811048.56,-23.217716172182953,
bb_0222bf23,28800.0,car,52,m,high,always,false,768339.52,5831870.27,-19.572567409310647,
bb_132a3246,28800.0,car,40,m,very_low,always,true,766117.19,5816472.02,-23.23703514889828,
bb_0ab3e14d,28800.0,car,56,f,low,always,false,777909.31,5846326.73,-42.34955741659874,
bb_13f1864e,28800.0,car,39,f,medium,always,false,784380.85,5837457.96,-20.671441567291282,
bb_05c47052,28800.0,car,44,m,medium,always,false,778377.99,5820780.49,-18.980758207674235,
bb_0a9ed606,28800.0,car,86,f,low,always,false,805079.74,5856822.3,-37.21352219816825,
bb_10528675,28800.0,car,94,m,very_low,always,false,788417.43,5846850.37,-25.083260678830833,
bb_071f56c6,28800.0,car,19,m,medium,always,false,781677.7,5810973.02,-25.63052494294014,
bb_03224255,28800.0,car,43,m,very_low,always,false,823042.41,5818295.74,-52.94500717483021,
bb_11683ae1,28800.0,car,42,m,high,always,false,811611.96,5846190.13,-34.933636208844305,
bb_14df74fe,28800.0,car,52,f,medium,always,false,774029.36,5803719.55,-28.202025261617568,
bb_1400d9a1,28800.0,car,68,f,low,always,false,776666.56,5813099.8,-24.806929188952893,
bb_0dda9070,28800.0,car,49,m,high,always,false,805993.0,5842734.7,-30.592837913712266,
bb_121d02ca,28800.0,car,69,f,low,always,false,785424.94,5854416.49,-23.58170191823079,
bb_154ead9c,28800.0,car,51,f,high,always,false,807630.25,5805096.07,-35.66034538068637,
bb_03264c10,28800.0,car,44,f,medium,always,false,765482.16,5817592.83,-21.42531232235507,
bb_0a35aaac,28800.0,car,11,m,very_high,never,false,806124.39,5844628.92,-33.69389775620257,
bb_0ef75d36,28800.0,car,10,f,high,never,false,799136.5,5811147.43,-70.8644121454828,
bb_02133c41,28800.0,car,58,m,low,always,false,755101.14,5857486.82,-17.82036769797348,
bb_0cb0e348,28800.0,car,47,m,medium,always,false,826835.56,5818339.08,-39.10402804059934,
bb_07aa3463,28800.0,car,25,m,medium,always,true,817575.84,5810393.29,-42.047790085284696,
bb_0fcf0e23,28800.0,car,30,m,high,always,false,791088.59,5801942.25,-32.98480177692852,
bb_0df4a7a1,28800.0,car,33,f,medium,always,false,792602.4,5840575.54,-23.36133433209142,
bb_135e80f7,28800.0,car,78,m,very_low,always,false,857508.36,5847524.88,-52.54931427798049,
bb_0556b665,28800.0,car,56,m,medium,always,false,774645.54,5812512.59,-25.994384192345272,
bb_0ade5994,28800.0,car,43,f,very_low,always,false,790209.96,5844262.86,-23.60725791240853,
bb_05fbacd3,28800.0,car,83,f,very_low,always,false,774219.1,5812414.26,-24.371967398926877,
bb_124271bd,28800.0,car,31,m,high,always,false,812521.66,5838291.52,-33.54904207733402,
bb_0a8b9274,28800.0,car,16,m,medium,never,false,790082.54,5814284.38,-25.980994353271885,
bb_15b676d9,28800.0,car,40,m,high,always,false,808210.58,5843512.17,-32.25744114647609,
bb_13395d77,28800.0,car,33,m,very_low,always,false,816845.0,5840556.17,-32.62413221185104,
bb_0154b005,28800.0,car,48,m,low,always,true,799313.53,5854845.47,-32.12613976515723,
bb_10787d85,28800.0,car,41,m,high,always,false,783922.94,5842204.85,-18.226225428357655,
bb_0bb73410,28800.0,car,66,f,high,always,false,735037.23,5799829.12,-29.310065462785023,
bb_089e1a07,28800.0,car,30,m,high,always,false,732360.34,5813102.09,-29.87797624359112,
bb_054fbab4,28800.0,car,92,f,low,always,true,814129.82,5812501.54,-36.02148615114621,
bb_03d43fdb,28800.0,car,46,m,medium,always,false,800082.84,5807157.41,-29.363619804370888,
bb_0be5e1ad,28800.0,car,20,f,high,always,false,808189.32,5843845.43,-32.01097044460081,
bb_12bbfb32,28800.0,car,37,m,very_high,always,false,778988.74,5820378.84,-18.640149019357093,
bb_09260fe8,28800.0,car,88,f,medium,always,false,780566.41,5811786.56,-24.701178567085147,
bb_02ba5dd2,28800.0,car,63,f,very_low,always,false,770606.21,5829029.69,-17.15538578860832,
bb_1425a84b,28800.0,car,26,f,very_low,always,false,802067.0,5815931.01,-32.42443387558002,
bb_13c7368c,28800.0,car,17,f,very_low,never,true,780248.09,5835491.63,-18.947207692206398,
bb_0ad93d38,28800.0,car,46,f,high,always,false,767925.12,5843661.13,-15.435457048078186,
bb_0337872e,28800.0,car,98,m,low,always,true,819861.98,5829140.68,-39.65096022428244,
bb_0b9a91c6,28800.0,car,67,f,low,always,false,765701.57,5816475.42,-19.165397283601774,
bb_13313f8e,28800.0,car,78,m,medium,always,false,779497.67,5807618.25,-20.626537883364357,
bb_08ff36d7,28800.0,car,69,f,medium,always,false,779321.04,5814024.51,-19.434657507244506,
bb_15492906,28800.0,car,50,f,medium,always,false,789303.72,5813993.61,-26.266780876988584,
bb_056ab543,28800.0,car,69,m,medium,always,false,807981.48,5843110.05,-30.667447346449343,
bb_0e689bb5,28800.0,car,66,f,medium,always,false,805165.77,5794849.81,-35.27260833744489,
bb_0b3c0de3,28800.0,car,5,m,high,never,false,825896.84,5823537.57,-33.96134791421905,
bb_04c4f7c6,28800.0,car,5,m,low,never,false,789564.73,5846540.61,-23.879332476123434,
bb_01dfaa6b,28800.0,car,4,m,very_high,never,false,779412.9,5807926.49,-32.72124285248944,
bb_007236eb,28800.0,car,26,m,low,always,false,777735.49,5814648.86,-22.567111603523422,
bb_0a8f8b64,28800.0,car,41,m,medium,always,false,750832.78,5843002.21,-21.267629454198094,
bb_0641762f,28800.0,car,27,f,very_low,always,false,779368.69,5814395.7,-21.448240348659244,
bb_0ca82d97,28800.0,car,63,f,very_high,always,true,766239.49,5811646.62,-26.089623240607185,
bb_0c43632f,28800.0,car,62,f,very_low,always,false,793108.26,5790401.66,-31.477662059593847,
bb_12db822c,28800.0,car,73,f,medium,always,false,782352.56,5845597.58,-16.52719890702575,
bb_08eac2cd,28800.0,car,79,f,very_low,always,false,824731.34,5898365.02,-36.94575670731555,
bb_1144cbf7,28800.0,car,38,m,medium,always,false,788144.67,5804290.22,-29.792572685393772,
bb_0fac3e45,28800.0,car,48,f,high,always,false,820333.15,5815277.66,-39.314721853005295,
bb_05fc91a7,28800.0,car,63,m,medium,always,false,777776.59,5814483.2,-19.606512215102384,
bb_01d049ba,28800.0,car,66,m,medium,always,false,769798.17,5795528.39,-25.968659068419527,
bb_0aa712f3,28800.0,car,73,m,medium,always,false,825567.83,5823648.95,-33.64876127788312,
bb_0260c988,28800.0,car,48,f,high,always,false,785820.25,5812101.06,-29.659543468187003,
bb_06019a73,28800.0,car,38,m,medium,always,false,787852.8,5852317.69,-25.77281838831667,
bb_0c96d289,28800.0,car,63,f,high,always,false,822717.51,5799857.29,-34.433725551383134,
bb_017d3608,28800.0,car,35,m,medium,always,false,812014.83,5842047.0,-23.890648261259372,
bb_15167ddf,28800.0,car,46,f,medium,always,false,790174.49,5803597.52,-33.44199674129518,
bb_08a8bd09,28800.0,car,40,m,very_low,always,false,803853.12,5797730.16,-27.56656600047058,
bb_0a6f4d52,28800.0,car,22,f,high,always,false,781065.18,5812266.32,-57.95685155220351,
bb_02e9e7a9,28800.0,car,66,m,high,always,false,844493.96,5856088.56,-42.93507810391303,
bb_1016b0db,28800.0,car,0,f,medium,never,false,765765.09,5833495.49,-13.926497637634071,
bb_11032eff,28800.0,car,23,f,medium,always,false,774926.65,5829700.54,-18.353253043949827,
bb_0c276570,28800.0,car,48,f,very_low,always,true,796006.33,5857298.27,-22.222700435558956,
bb_0a9741b7,28800.0,car,5,m,medium,never,false,824386.98,5832766.68,-28.753542282255147,
bb_054c03f6,28800.0,car,55,m,high,always,false,827515.75,5832541.56,-30.630392006234395,
bb_1509673c,28800.0,car,33,f,high,always,false,800072.15,5806603.45,-35.35445851973799,
bb_0258e534,28800.0,car,57,m,low,always,false,756122.29,5816676.92,-22.496684223789593,
bb_124898a5,28800.0,car,47,m,low,always,false,802556.04,5797094.53,-35.60091597550155,
bb_086ab916,28800.0,car,35,f,very_high,always,false,785787.92,5814272.99,-21.47636751895862,
bb_0fc1f95f,28800.0,car,66,f,medium,always,false,788381.91,5858984.8,-30.14332923918942,
bb_0361edd4,28800.0,car,32,f,medium,always,false,815588.67,5865890.68,-30.56569069624076,
bb_0521682f,28800.0,car,96,f,very_high,always,true,766411.11,5823251.12,-17.00355693255328,
bb_04a44c76,28800.0,car,70,m,low,always,true,821844.6,5828512.53,-42.05159663581956,
bb_131203d6,28800.0,car,97,m,low,always,true,759963.58,5822632.89,-33.850831142663566,
bb_0797699c,28800.0,car,55,m,high,always,false,741254.32,5810464.64,-25.503960076473255,
bb_10509d6b,28800.0,car,41,m,very_high,always,false,825697.48,5830342.96,-31.809315324537728,
bb_0aa33324,28800.0,car,58,f,very_low,always,true,832508.95,5825856.13,-30.813136990516924,
bb_06fe6c8d,28800.0,car,64,m,very_high,always,true,816972.74,5798029.53,-45.233260168756225,
bb_0b36e977,28800.0,car,63,f,medium,always,false,811086.86,5833379.78,-45.49263830211346,
bb_02f7510e,28800.0,car,6,m,medium,never,false,791501.73,5840750.48,-22.78168198723518,
bb_129e4fb9,28800.0,car,11,m,low,never,false,779438.42,5813460.34,-24.458310010169797,
bb_13b42f0a,28800.0,car,2,f,medium,never,false,771741.36,5795063.77,-30.01509793891393,
bb_0b47af84,28800.0,car,25,f,medium,always,false,799628.52,5807108.59,-34.98657528576972,
bb_08356db4,28800.0,car,74,m,medium,always,false,820658.49,5803867.28,-47.532186840411654,
bb_0035dbf8,28800.0,car,60,m,low,always,false,820899.55,5841424.78,-29.56119645240211,
bb_0f2029c3,28800.0,car,47,m,high,always,false,754441.46,5826711.3,-18.756223231386294,
bb_149df275,28800.0,car,85,f,medium,always,false,783042.45,5850091.96,-17.682204747917957,
bb_071aaa88,28800.0,car,18,f,very_low,always,false,814046.76,5825236.47,-37.60518010936531,
bb_102882fa,28800.0,car,39,m,medium,always,false,776240.99,5813962.09,-23.420104679806073,
bb_0d894e30,28800.0,car,62,f,low,always,false,814180.01,5832327.01,-34.88352729031522,
bb_0489f4b1,28800.0,car,57,f,very_low,always,true,793100.08,5814248.72,-26.60710314108596,
bb_121fde3f,28800.0,car,11,m,very_low,never,false,806287.17,5846142.18,-32.27396624633972,
bb_16742c6f,28800.0,car,8,f,low,never,false,814094.01,5830296.6,-36.3216634616108,
bb_04aa9830,28800.0,car,71,m,very_low,always,true,789189.67,5813747.5,-26.227081714270238,
bb_10ed3813,28800.0,car,1,m,very_low,never,false,790655.74,5802233.49,-24.401834301199848,
bb_0c0df961,28800.0,car,87,m,high,always,false,795398.71,5839963.74,-22.405572484856705,
bb_0a75352e,28800.0,car,54,f,high,always,false,777733.39,5810968.67,-24.05573998500232,
bb_106f8c4c,28800.0,car,43,f,low,always,false,774541.64,5832221.43,-21.262386360022006,
bb_0eaceb4c,28800.0,car,50,f,very_low,always,true,765713.32,5815855.33,-19.641003291269406,
bb_0083c29b,28800.0,car,55,m,very_low,always,true,770182.15,5828747.02,-17.367110209042643,
bb_00569251,28800.0,car,70,f,medium,always,true,767283.33,5810528.06,-28.5295645191391,
bb_13b561d8,28800.0,car,26,f,very_low,always,false,812805.74,5811057.18,-39.332197873679895,
bb_15f4dee0,28800.0,car,45,m,very_low,always,false,766587.55,5828946.72,-16.79136421365049,
bb_13dd5ba1,28800.0,car,82,m,high,always,false,824401.18,5831109.95,-42.68584268641577,
bb_04daff1f,28800.0,car,71,m,very_high,always,false,819865.57,5812566.53,-33.418095248824486,
bb_0e848a09,28800.0,car,63,f,low,always,true,778617.96,5812807.33,-22.8172641720382,
bb_0ba8d36e,28800.0,car,98,f,medium,always,true,806128.79,5844879.88,-22.523818582275823,
bb_082c8025,28800.0,car,31,m,medium,always,false,772442.95,5821053.3,-20.028755548285655,
